Workbook
Name Slicer_Diabetes_Status: #N/A
Name Slicer_Weight_Status: #N/A

Sheet Customer Names
A1: Customer ID | B1: name | C1: Title | D1: First Name | E1: Last Name
A2: Id1 | B2: Hawks, Ms. Kelly | C2: =MID(B2, FIND(", ",B2)+2, FIND(".",B2)-FIND(", ", B2)-2) -> Ms | D2: =TRIM(RIGHT(B2, LEN(B2) - FIND(".", B2))) -> Kelly | E2: =LEFT(B2, FIND(",", B2)-1) -> Hawks
A3: Id2 | B3: Lehner, Mr. Matthew D | C3: =MID(B3, FIND(", ",B3)+2, FIND(".",B3)-FIND(", ", B3)-2) -> Mr | D3: =TRIM(RIGHT(B3, LEN(B3) - FIND(".", B3))) -> Matthew D | E3: =LEFT(B3, FIND(",", B3)-1) -> Lehner
A4: Id3 | B4: Lu, Mr. Phil | C4: =MID(B4, FIND(", ",B4)+2, FIND(".",B4)-FIND(", ", B4)-2) -> Mr | D4: =TRIM(RIGHT(B4, LEN(B4) - FIND(".", B4))) -> Phil | E4: =LEFT(B4, FIND(",", B4)-1) -> Lu
A5: Id4 | B5: Osborne, Ms. Kelsey | C5: =MID(B5, FIND(", ",B5)+2, FIND(".",B5)-FIND(", ", B5)-2) -> Ms | D5: =TRIM(RIGHT(B5, LEN(B5) - FIND(".", B5))) -> Kelsey | E5: =LEFT(B5, FIND(",", B5)-1) -> Osborne
A6: Id5 | B6: Kadala, Ms. Kristyn | C6: =MID(B6, FIND(", ",B6)+2, FIND(".",B6)-FIND(", ", B6)-2) -> Ms | D6: =TRIM(RIGHT(B6, LEN(B6) - FIND(".", B6))) -> Kristyn | E6: =LEFT(B6, FIND(",", B6)-1) -> Kadala
A7: Id6 | B7: Baker, Mr. Russell B. | C7: =MID(B7, FIND(", ",B7)+2, FIND(".",B7)-FIND(", ", B7)-2) -> Mr | D7: =TRIM(RIGHT(B7, LEN(B7) - FIND(".", B7))) -> Russell B. | E7: =LEFT(B7, FIND(",", B7)-1) -> Baker
A8: Id7 | B8: Macpherson, Mr. Scott | C8: =MID(B8, FIND(", ",B8)+2, FIND(".",B8)-FIND(", ", B8)-2) -> Mr | D8: =TRIM(RIGHT(B8, LEN(B8) - FIND(".", B8))) -> Scott | E8: =LEFT(B8, FIND(",", B8)-1) -> Macpherson
A9: Id8 | B9: Hallman, Mr. Stephen | C9: =MID(B9, FIND(", ",B9)+2, FIND(".",B9)-FIND(", ", B9)-2) -> Mr | D9: =TRIM(RIGHT(B9, LEN(B9) - FIND(".", B9))) -> Stephen | E9: =LEFT(B9, FIND(",", B9)-1) -> Hallman
A10: Id9 | B10: Moran, Mr. Patrick R. | C10: =MID(B10, FIND(", ",B10)+2, FIND(".",B10)-FIND(", ", B10)-2) -> Mr | D10: =TRIM(RIGHT(B10, LEN(B10) - FIND(".", B10))) -> Patrick R. | E10: =LEFT(B10, FIND(",", B10)-1) -> Moran
A11: Id10 | B11: Benner, Ms. Brooke N. | C11: =MID(B11, FIND(", ",B11)+2, FIND(".",B11)-FIND(", ", B11)-2) -> Ms | D11: =TRIM(RIGHT(B11, LEN(B11) - FIND(".", B11))) -> Brooke N. | E11: =LEFT(B11, FIND(",", B11)-1) -> Benner
A12: Id11 | B12: Fierro Vargas, Ms. Paola Andrea | C12: =MID(B12, FIND(", ",B12)+2, FIND(".",B12)-FIND(", ", B12)-2) -> Ms | D12: =TRIM(RIGHT(B12, LEN(B12) - FIND(".", B12))) -> Paola Andrea | E12: =LEFT(B12, FIND(",", B12)-1) -> Fierro Vargas
A13: Id12 | B13: Franz, Mr. David | C13: =MID(B13, FIND(", ",B13)+2, FIND(".",B13)-FIND(", ", B13)-2) -> Mr | D13: =TRIM(RIGHT(B13, LEN(B13) - FIND(".", B13))) -> David | E13: =LEFT(B13, FIND(",", B13)-1) -> Franz
... A2336: Id2335 | B2336: German, Mr. Aaron K | C2336: =MID(B2336, FIND(", ",B2336)+2, FIND(".",B2336)-FIND(", ", B2336)-2) -> Mr | D2336: =TRIM(RIGHT(B2336, LEN(B2336) - FIND(".", B2336))) -> Aaron K | E2336: =LEFT(B2336, FIND(",", B2336)-1) -> German

Sheet Medical Examinations
A1: Customer ID | B1: BMI | C1: Weight Status | D1: HBA1C | E1: Diabetes Status | F1: Heart Issues | G1: Any Transplants | H1: Cancer history | I1: NumberOfMajorSurgeries | J1: Number of Major Surgeries Converted | K1: smoker | L1: smoker modified
A2: Id1 | B2: 47.41 | C2: =IF(B2<18.5,"Underweight",IF(B2<24.99,"Normal Weight",IF(B2<29.99,"Overweight","Obesity"))) -> Obesity | D2: 7.47 | E2: =IF(D2<5.7,"Normal",IF(D2<6.5,"Prediabeties","Diabetes")) -> Diabetes | F2: No | G2: No | H2: No | I2: No major surgery | J2: =IF(I2="No major surgery", 0, I2) -> 0 | K2: yes | L2: =IF(K2="?", "No", K2) -> yes | M2: =COUNTIF(K:K, "yes") -> 488 | N2: Smokers
A3: Id2 | B3: 30.36 | C3: =IF(B3<18.5,"Underweight",IF(B3<24.99,"Normal Weight",IF(B3<29.99,"Overweight","Obesity"))) -> Obesity | D3: 5.77 | E3: =IF(D3<5.7,"Normal",IF(D3<6.5,"Prediabeties","Diabetes")) -> Prediabeties | F3: No | G3: No | H3: No | I3: No major surgery | J3: =IF(I3="No major surgery", 0, I3) -> 0 | K3: yes | L3: =IF(K3="?", "No", K3) -> yes | M3: =COUNTIF(K:K, "no") -> 1845 | N3: Non-Smokers
A4: Id3 | B4: 34.485 | C4: =IF(B4<18.5,"Underweight",IF(B4<24.99,"Normal Weight",IF(B4<29.99,"Overweight","Obesity"))) -> Obesity | D4: 11.87 | E4: =IF(D4<5.7,"Normal",IF(D4<6.5,"Prediabeties","Diabetes")) -> Diabetes | F4: yes | G4: No | H4: No | I4: 2 | J4: =IF(I4="No major surgery", 0, I4) -> 2 | K4: yes | L4: =IF(K4="?", "No", K4) -> yes
A5: Id4 | B5: 38.095 | C5: =IF(B5<18.5,"Underweight",IF(B5<24.99,"Normal Weight",IF(B5<29.99,"Overweight","Obesity"))) -> Obesity | D5: 6.05 | E5: =IF(D5<5.7,"Normal",IF(D5<6.5,"Prediabeties","Diabetes")) -> Prediabeties | F5: No | G5: No | H5: No | I5: No major surgery | J5: =IF(I5="No major surgery", 0, I5) -> 0 | K5: yes | L5: =IF(K5="?", "No", K5) -> yes
A6: Id5 | B6: 35.53 | C6: =IF(B6<18.5,"Underweight",IF(B6<24.99,"Normal Weight",IF(B6<29.99,"Overweight","Obesity"))) -> Obesity | D6: 5.45 | E6: =IF(D6<5.7,"Normal",IF(D6<6.5,"Prediabeties","Diabetes")) -> Normal | F6: No | G6: No | H6: No | I6: No major surgery | J6: =IF(I6="No major surgery", 0, I6) -> 0 | K6: yes | L6: =IF(K6="?", "No", K6) -> yes
A7: Id6 | B7: 32.8 | C7: =IF(B7<18.5,"Underweight",IF(B7<24.99,"Normal Weight",IF(B7<29.99,"Overweight","Obesity"))) -> Obesity | D7: 6.59 | E7: =IF(D7<5.7,"Normal",IF(D7<6.5,"Prediabeties","Diabetes")) -> Diabetes | F7: No | G7: No | H7: No | I7: No major surgery | J7: =IF(I7="No major surgery", 0, I7) -> 0 | K7: yes | L7: =IF(K7="?", "No", K7) -> yes
A8: Id7 | B8: 36.4 | C8: =IF(B8<18.5,"Underweight",IF(B8<24.99,"Normal Weight",IF(B8<29.99,"Overweight","Obesity"))) -> Obesity | D8: 6.07 | E8: =IF(D8<5.7,"Normal",IF(D8<6.5,"Prediabeties","Diabetes")) -> Prediabeties | F8: No | G8: No | H8: No | I8: No major surgery | J8: =IF(I8="No major surgery", 0, I8) -> 0 | K8: yes | L8: =IF(K8="?", "No", K8) -> yes
A9: Id8 | B9: 36.96 | C9: =IF(B9<18.5,"Underweight",IF(B9<24.99,"Normal Weight",IF(B9<29.99,"Overweight","Obesity"))) -> Obesity | D9: 7.93 | E9: =IF(D9<5.7,"Normal",IF(D9<6.5,"Prediabeties","Diabetes")) -> Diabetes | F9: No | G9: No | H9: No | I9: 3 | J9: =IF(I9="No major surgery", 0, I9) -> 3 | K9: yes | L9: =IF(K9="?", "No", K9) -> yes
A10: Id9 | B10: 41.14 | C10: =IF(B10<18.5,"Underweight",IF(B10<24.99,"Normal Weight",IF(B10<29.99,"Overweight","Obesity"))) -> Obesity | D10: 9.58 | E10: =IF(D10<5.7,"Normal",IF(D10<6.5,"Prediabeties","Diabetes")) -> Diabetes | F10: yes | G10: No | H10: Yes | I10: 1 | J10: =IF(I10="No major surgery", 0, I10) -> 1 | K10: yes | L10: =IF(K10="?", "No", K10) -> yes
A11: Id10 | B11: 38.06 | C11: =IF(B11<18.5,"Underweight",IF(B11<24.99,"Normal Weight",IF(B11<29.99,"Overweight","Obesity"))) -> Obesity | D11: 10.79 | E11: =IF(D11<5.7,"Normal",IF(D11<6.5,"Prediabeties","Diabetes")) -> Diabetes | F11: No | G11: No | H11: No | I11: No major surgery | J11: =IF(I11="No major surgery", 0, I11) -> 0 | K11: yes | L11: =IF(K11="?", "No", K11) -> yes
A12: Id11 | B12: 37.7 | C12: =IF(B12<18.5,"Underweight",IF(B12<24.99,"Normal Weight",IF(B12<29.99,"Overweight","Obesity"))) -> Obesity | D12: 5.96 | E12: =IF(D12<5.7,"Normal",IF(D12<6.5,"Prediabeties","Diabetes")) -> Prediabeties | F12: yes | G12: No | H12: No | I12: 2 | J12: =IF(I12="No major surgery", 0, I12) -> 2 | K12: yes | L12: =IF(K12="?", "No", K12) -> yes
A13: Id12 | B13: 42.13 | C13: =IF(B13<18.5,"Underweight",IF(B13<24.99,"Normal Weight",IF(B13<29.99,"Overweight","Obesity"))) -> Obesity | D13: 11.9 | E13: =IF(D13<5.7,"Normal",IF(D13<6.5,"Prediabeties","Diabetes")) -> Diabetes | F13: No | G13: No | H13: No | I13: No major surgery | J13: =IF(I13="No major surgery", 0, I13) -> 0 | K13: yes | L13: =IF(K13="?", "No", K13) -> yes
A14: Id13 | B14: 40.92 | C14: =IF(B14<18.5,"Underweight",IF(B14<24.99,"Normal Weight",IF(B14<29.99,"Overweight","Obesity"))) -> Obesity | D14: 8.41 | E14: =IF(D14<5.7,"Normal",IF(D14<6.5,"Prediabeties","Diabetes")) -> Diabetes | F14: No | G14: No | H14: No | I14: No major surgery | J14: =IF(I14="No major surgery", 0, I14) -> 0 | K14: yes | L14: =IF(K14="?", "No", K14) -> yes
A15: Id14 | B15: 40.565 | C15: =IF(B15<18.5,"Underweight",IF(B15<24.99,"Normal Weight",IF(B15<29.99,"Overweight","Obesity"))) -> Obesity | D15: 7.02 | E15: =IF(D15<5.7,"Normal",IF(D15<6.5,"Prediabeties","Diabetes")) -> Diabetes | F15: No | G15: No | H15: No | I15: No major surgery | J15: =IF(I15="No major surgery", 0, I15) -> 0 | K15: yes | L15: =IF(K15="?", "No", K15) -> yes
A16: Id15 | B16: 36.385 | C16: =IF(B16<18.5,"Underweight",IF(B16<24.99,"Normal Weight",IF(B16<29.99,"Overweight","Obesity"))) -> Obesity | D16: 7.59 | E16: =IF(D16<5.7,"Normal",IF(D16<6.5,"Prediabeties","Diabetes")) -> Diabetes | F16: yes | G16: No | H16: No | I16: 2 | J16: =IF(I16="No major surgery", 0, I16) -> 2 | K16: yes | L16: =IF(K16="?", "No", K16) -> yes
A17: Id16 | B17: 39.9 | C17: =IF(B17<18.5,"Underweight",IF(B17<24.99,"Normal Weight",IF(B17<29.99,"Overweight","Obesity"))) -> Obesity | D17: 11.32 | E17: =IF(D17<5.7,"Normal",IF(D17<6.5,"Prediabeties","Diabetes")) -> Diabetes | F17: No | G17: No | H17: No | I17: No major surgery | J17: =IF(I17="No major surgery", 0, I17) -> 0 | K17: yes | L17: =IF(K17="?", "No", K17) -> yes
A18: Id17 | B18: 33.8 | C18: =IF(B18<18.5,"Underweight",IF(B18<24.99,"Normal Weight",IF(B18<29.99,"Overweight","Obesity"))) -> Obesity | D18: 7.67 | E18: =IF(D18<5.7,"Normal",IF(D18<6.5,"Prediabeties","Diabetes")) -> Diabetes | F18: No | G18: No | H18: No | I18: 3 | J18: =IF(I18="No major surgery", 0, I18) -> 3 | K18: yes | L18: =IF(K18="?", "No", K18) -> yes
A19: Id18 | B19: 36.765 | C19: =IF(B19<18.5,"Underweight",IF(B19<24.99,"Normal Weight",IF(B19<29.99,"Overweight","Obesity"))) -> Obesity | D19: 7.29 | E19: =IF(D19<5.7,"Normal",IF(D19<6.5,"Prediabeties","Diabetes")) -> Diabetes | F19: yes | G19: No | H19: Yes | I19: 1 | J19: =IF(I19="No major surgery", 0, I19) -> 1 | K19: yes | L19: =IF(K19="?", "No", K19) -> yes
A20: Id19 | B20: 36.955 | C20: =IF(B20<18.5,"Underweight",IF(B20<24.99,"Normal Weight",IF(B20<29.99,"Overweight","Obesity"))) -> Obesity | D20: 4.72 | E20: =IF(D20<5.7,"Normal",IF(D20<6.5,"Prediabeties","Diabetes")) -> Normal | F20: yes | G20: No | H20: No | I20: 1 | J20: =IF(I20="No major surgery", 0, I20) -> 1 | K20: yes | L20: =IF(K20="?", "No", K20) -> yes
A21: Id20 | B21: 42.9 | C21: =IF(B21<18.5,"Underweight",IF(B21<24.99,"Normal Weight",IF(B21<29.99,"Overweight","Obesity"))) -> Obesity | D21: 11.41 | E21: =IF(D21<5.7,"Normal",IF(D21<6.5,"Prediabeties","Diabetes")) -> Diabetes | F21: No | G21: No | H21: No | I21: No major surgery | J21: =IF(I21="No major surgery", 0, I21) -> 0 | K21: yes | L21: =IF(K21="?", "No", K21) -> yes
A22: Id21 | B22: 36.3 | C22: =IF(B22<18.5,"Underweight",IF(B22<24.99,"Normal Weight",IF(B22<29.99,"Overweight","Obesity"))) -> Obesity | D22: 11.5 | E22: =IF(D22<5.7,"Normal",IF(D22<6.5,"Prediabeties","Diabetes")) -> Diabetes | F22: yes | G22: No | H22: No | I22: 2 | J22: =IF(I22="No major surgery", 0, I22) -> 2 | K22: yes | L22: =IF(K22="?", "No", K22) -> yes
A23: Id22 | B23: 32.2 | C23: =IF(B23<18.5,"Underweight",IF(B23<24.99,"Normal Weight",IF(B23<29.99,"Overweight","Obesity"))) -> Obesity | D23: 6.22 | E23: =IF(D23<5.7,"Normal",IF(D23<6.5,"Prediabeties","Diabetes")) -> Prediabeties | F23: yes | G23: No | H23: No | I23: 2 | J23: =IF(I23="No major surgery", 0, I23) -> 2 | K23: yes | L23: =IF(K23="?", "No", K23) -> yes
A24: Id23 | B24: 31.3 | C24: =IF(B24<18.5,"Underweight",IF(B24<24.99,"Normal Weight",IF(B24<29.99,"Overweight","Obesity"))) -> Obesity | D24: 11.38 | E24: =IF(D24<5.7,"Normal",IF(D24<6.5,"Prediabeties","Diabetes")) -> Diabetes | F24: No | G24: No | H24: No | I24: 3 | J24: =IF(I24="No major surgery", 0, I24) -> 3 | K24: yes | L24: =IF(K24="?", "No", K24) -> yes
A25: Id24 | B25: 41.8 | C25: =IF(B25<18.5,"Underweight",IF(B25<24.99,"Normal Weight",IF(B25<29.99,"Overweight","Obesity"))) -> Obesity | D25: 7.89 | E25: =IF(D25<5.7,"Normal",IF(D25<6.5,"Prediabeties","Diabetes")) -> Diabetes | F25: yes | G25: No | H25: No | I25: 2 | J25: =IF(I25="No major surgery", 0, I25) -> 2 | K25: yes | L25: =IF(K25="?", "No", K25) -> yes
A26: Id25 | B26: 35.09 | C26: =IF(B26<18.5,"Underweight",IF(B26<24.99,"Normal Weight",IF(B26<29.99,"Overweight","Obesity"))) -> Obesity | D26: 4.38 | E26: =IF(D26<5.7,"Normal",IF(D26<6.5,"Prediabeties","Diabetes")) -> Normal | F26: yes | G26: No | H26: No | I26: 2 | J26: =IF(I26="No major surgery", 0, I26) -> 2 | K26: yes | L26: =IF(K26="?", "No", K26) -> yes
A27: Id26 | B27: 33.88 | C27: =IF(B27<18.5,"Underweight",IF(B27<24.99,"Normal Weight",IF(B27<29.99,"Overweight","Obesity"))) -> Obesity | D27: 7.01 | E27: =IF(D27<5.7,"Normal",IF(D27<6.5,"Prediabeties","Diabetes")) -> Diabetes | F27: No | G27: No | H27: No | I27: 3 | J27: =IF(I27="No major surgery", 0, I27) -> 3 | K27: yes | L27: =IF(K27="?", "No", K27) -> yes
A28: Id27 | B28: 30.875 | C28: =IF(B28<18.5,"Underweight",IF(B28<24.99,"Normal Weight",IF(B28<29.99,"Overweight","Obesity"))) -> Obesity | D28: 11.88 | E28: =IF(D28<5.7,"Normal",IF(D28<6.5,"Prediabeties","Diabetes")) -> Diabetes | F28: No | G28: No | H28: No | I28: No major surgery | J28: =IF(I28="No major surgery", 0, I28) -> 0 | K28: yes | L28: =IF(K28="?", "No", K28) -> yes
A29: Id28 | B29: 36.86 | C29: =IF(B29<18.5,"Underweight",IF(B29<24.99,"Normal Weight",IF(B29<29.99,"Overweight","Obesity"))) -> Obesity | D29: 5.19 | E29: =IF(D29<5.7,"Normal",IF(D29<6.5,"Prediabeties","Diabetes")) -> Normal | F29: yes | G29: No | H29: Yes | I29: 1 | J29: =IF(I29="No major surgery", 0, I29) -> 1 | K29: yes | L29: =IF(K29="?", "No", K29) -> yes
A30: Id29 | B30: 35.86 | C30: =IF(B30<18.5,"Underweight",IF(B30<24.99,"Normal Weight",IF(B30<29.99,"Overweight","Obesity"))) -> Obesity | D30: 6.74 | E30: =IF(D30<5.7,"Normal",IF(D30<6.5,"Prediabeties","Diabetes")) -> Diabetes | F30: yes | G30: No | H30: No | I30: 2 | J30: =IF(I30="No major surgery", 0, I30) -> 2 | K30: yes | L30: =IF(K30="?", "No", K30) -> yes
A31: Id30 | B31: 37.05 | C31: =IF(B31<18.5,"Underweight",IF(B31<24.99,"Normal Weight",IF(B31<29.99,"Overweight","Obesity"))) -> Obesity | D31: 8.44 | E31: =IF(D31<5.7,"Normal",IF(D31<6.5,"Prediabeties","Diabetes")) -> Diabetes | F31: No | G31: No | H31: No | I31: No major surgery | J31: =IF(I31="No major surgery", 0, I31) -> 0 | K31: yes | L31: =IF(K31="?", "No", K31) -> yes
A32: Id31 | B32: 43.89 | C32: =IF(B32<18.5,"Underweight",IF(B32<24.99,"Normal Weight",IF(B32<29.99,"Overweight","Obesity"))) -> Obesity | D32: 8.71 | E32: =IF(D32<5.7,"Normal",IF(D32<6.5,"Prediabeties","Diabetes")) -> Diabetes | F32: No | G32: No | H32: No | I32: No major surgery | J32: =IF(I32="No major surgery", 0, I32) -> 0 | K32: yes | L32: =IF(K32="?", "No", K32) -> yes
A33: Id32 | B33: 42.35 | C33: =IF(B33<18.5,"Underweight",IF(B33<24.99,"Normal Weight",IF(B33<29.99,"Overweight","Obesity"))) -> Obesity | D33: 5.08 | E33: =IF(D33<5.7,"Normal",IF(D33<6.5,"Prediabeties","Diabetes")) -> Normal | F33: yes | G33: No | H33: No | I33: No major surgery | J33: =IF(I33="No major surgery", 0, I33) -> 0 | K33: yes | L33: =IF(K33="?", "No", K33) -> yes
A34: Id33 | B34: 31.35 | C34: =IF(B34<18.5,"Underweight",IF(B34<24.99,"Normal Weight",IF(B34<29.99,"Overweight","Obesity"))) -> Obesity | D34: 6.86 | E34: =IF(D34<5.7,"Normal",IF(D34<6.5,"Prediabeties","Diabetes")) -> Diabetes | F34: No | G34: No | H34: No | I34: No major surgery | J34: =IF(I34="No major surgery", 0, I34) -> 0 | K34: yes | L34: =IF(K34="?", "No", K34) -> yes
A35: Id34 | B35: 47.6 | C35: =IF(B35<18.5,"Underweight",IF(B35<24.99,"Normal Weight",IF(B35<29.99,"Overweight","Obesity"))) -> Obesity | D35: 5.95 | E35: =IF(D35<5.7,"Normal",IF(D35<6.5,"Prediabeties","Diabetes")) -> Prediabeties | F35: yes | G35: No | H35: No | I35: No major surgery | J35: =IF(I35="No major surgery", 0, I35) -> 0 | K35: yes | L35: =IF(K35="?", "No", K35) -> yes
A36: Id35 | B36: 46.2 | C36: =IF(B36<18.5,"Underweight",IF(B36<24.99,"Normal Weight",IF(B36<29.99,"Overweight","Obesity"))) -> Obesity | D36: 6.09 | E36: =IF(D36<5.7,"Normal",IF(D36<6.5,"Prediabeties","Diabetes")) -> Prediabeties | F36: No | G36: No | H36: Yes | I36: 1 | J36: =IF(I36="No major surgery", 0, I36) -> 1 | K36: yes | L36: =IF(K36="?", "No", K36) -> yes
A37: Id36 | B37: 32.015 | C37: =IF(B37<18.5,"Underweight",IF(B37<24.99,"Normal Weight",IF(B37<29.99,"Overweight","Obesity"))) -> Obesity | D37: 11.75 | E37: =IF(D37<5.7,"Normal",IF(D37<6.5,"Prediabeties","Diabetes")) -> Diabetes | F37: No | G37: No | H37: No | I37: No major surgery | J37: =IF(I37="No major surgery", 0, I37) -> 0 | K37: yes | L37: =IF(K37="?", "No", K37) -> yes
A38: Id37 | B38: 40.565 | C38: =IF(B38<18.5,"Underweight",IF(B38<24.99,"Normal Weight",IF(B38<29.99,"Overweight","Obesity"))) -> Obesity | D38: 7.37 | E38: =IF(D38<5.7,"Normal",IF(D38<6.5,"Prediabeties","Diabetes")) -> Diabetes | F38: No | G38: No | H38: No | I38: No major surgery | J38: =IF(I38="No major surgery", 0, I38) -> 0 | K38: yes | L38: =IF(K38="?", "No", K38) -> yes
A39: Id38 | B39: 32.45 | C39: =IF(B39<18.5,"Underweight",IF(B39<24.99,"Normal Weight",IF(B39<29.99,"Overweight","Obesity"))) -> Obesity | D39: 11.91 | E39: =IF(D39<5.7,"Normal",IF(D39<6.5,"Prediabeties","Diabetes")) -> Diabetes | F39: No | G39: No | H39: No | I39: No major surgery | J39: =IF(I39="No major surgery", 0, I39) -> 0 | K39: yes | L39: =IF(K39="?", "No", K39) -> yes
A40: Id39 | B40: 34.96 | C40: =IF(B40<18.5,"Underweight",IF(B40<24.99,"Normal Weight",IF(B40<29.99,"Overweight","Obesity"))) -> Obesity | D40: 6.52 | E40: =IF(D40<5.7,"Normal",IF(D40<6.5,"Prediabeties","Diabetes")) -> Diabetes | F40: No | G40: No | H40: No | I40: No major surgery | J40: =IF(I40="No major surgery", 0, I40) -> 0 | K40: yes | L40: =IF(K40="?", "No", K40) -> yes
A41: Id40 | B41: 35.5 | C41: =IF(B41<18.5,"Underweight",IF(B41<24.99,"Normal Weight",IF(B41<29.99,"Overweight","Obesity"))) -> Obesity | D41: 5.14 | E41: =IF(D41<5.7,"Normal",IF(D41<6.5,"Prediabeties","Diabetes")) -> Normal | F41: No | G41: No | H41: Yes | I41: 1 | J41: =IF(I41="No major surgery", 0, I41) -> 1 | K41: yes | L41: =IF(K41="?", "No", K41) -> yes
A42: Id41 | B42: 52.58 | C42: =IF(B42<18.5,"Underweight",IF(B42<24.99,"Normal Weight",IF(B42<29.99,"Overweight","Obesity"))) -> Obesity | D42: 4.19 | E42: =IF(D42<5.7,"Normal",IF(D42<6.5,"Prediabeties","Diabetes")) -> Normal | F42: No | G42: yes | H42: No | I42: 1 | J42: =IF(I42="No major surgery", 0, I42) -> 1 | K42: yes | L42: =IF(K42="?", "No", K42) -> yes
A43: Id42 | B43: 35.2 | C43: =IF(B43<18.5,"Underweight",IF(B43<24.99,"Normal Weight",IF(B43<29.99,"Overweight","Obesity"))) -> Obesity | D43: 11.68 | E43: =IF(D43<5.7,"Normal",IF(D43<6.5,"Prediabeties","Diabetes")) -> Diabetes | F43: yes | G43: No | H43: No | I43: No major surgery | J43: =IF(I43="No major surgery", 0, I43) -> 0 | K43: yes | L43: =IF(K43="?", "No", K43) -> yes
A44: Id43 | B44: 38.06 | C44: =IF(B44<18.5,"Underweight",IF(B44<24.99,"Normal Weight",IF(B44<29.99,"Overweight","Obesity"))) -> Obesity | D44: 6.98 | E44: =IF(D44<5.7,"Normal",IF(D44<6.5,"Prediabeties","Diabetes")) -> Diabetes | F44: No | G44: No | H44: No | I44: No major surgery | J44: =IF(I44="No major surgery", 0, I44) -> 0 | K44: yes | L44: =IF(K44="?", "No", K44) -> yes
A45: Id44 | B45: 34.21 | C45: =IF(B45<18.5,"Underweight",IF(B45<24.99,"Normal Weight",IF(B45<29.99,"Overweight","Obesity"))) -> Obesity | D45: 8.34 | E45: =IF(D45<5.7,"Normal",IF(D45<6.5,"Prediabeties","Diabetes")) -> Diabetes | F45: No | G45: No | H45: No | I45: No major surgery | J45: =IF(I45="No major surgery", 0, I45) -> 0 | K45: yes | L45: =IF(K45="?", "No", K45) -> yes
A46: Id45 | B46: 38.94 | C46: =IF(B46<18.5,"Underweight",IF(B46<24.99,"Normal Weight",IF(B46<29.99,"Overweight","Obesity"))) -> Obesity | D46: 8.49 | E46: =IF(D46<5.7,"Normal",IF(D46<6.5,"Prediabeties","Diabetes")) -> Diabetes | F46: yes | G46: No | H46: No | I46: 1 | J46: =IF(I46="No major surgery", 0, I46) -> 1 | K46: yes | L46: =IF(K46="?", "No", K46) -> yes
A47: Id46 | B47: 30.21 | C47: =IF(B47<18.5,"Underweight",IF(B47<24.99,"Normal Weight",IF(B47<29.99,"Overweight","Obesity"))) -> Obesity | D47: 5.34 | E47: =IF(D47<5.7,"Normal",IF(D47<6.5,"Prediabeties","Diabetes")) -> Normal | F47: yes | G47: No | H47: No | I47: 1 | J47: =IF(I47="No major surgery", 0, I47) -> 1 | K47: yes | L47: =IF(K47="?", "No", K47) -> yes
A48: Id47 | B48: 33.63 | C48: =IF(B48<18.5,"Underweight",IF(B48<24.99,"Normal Weight",IF(B48<29.99,"Overweight","Obesity"))) -> Obesity | D48: 4.43 | E48: =IF(D48<5.7,"Normal",IF(D48<6.5,"Prediabeties","Diabetes")) -> Normal | F48: yes | G48: No | H48: No | I48: 2 | J48: =IF(I48="No major surgery", 0, I48) -> 2 | K48: yes | L48: =IF(K48="?", "No", K48) -> yes
A49: Id48 | B49: 40.37 | C49: =IF(B49<18.5,"Underweight",IF(B49<24.99,"Normal Weight",IF(B49<29.99,"Overweight","Obesity"))) -> Obesity | D49: 4.47 | E49: =IF(D49<5.7,"Normal",IF(D49<6.5,"Prediabeties","Diabetes")) -> Normal | F49: No | G49: No | H49: No | I49: No major surgery | J49: =IF(I49="No major surgery", 0, I49) -> 0 | K49: yes | L49: =IF(K49="?", "No", K49) -> yes
A50: Id49 | B50: 53.09 | C50: =IF(B50<18.5,"Underweight",IF(B50<24.99,"Normal Weight",IF(B50<29.99,"Overweight","Obesity"))) -> Obesity | D50: 4.82 | E50: =IF(D50<5.7,"Normal",IF(D50<6.5,"Prediabeties","Diabetes")) -> Normal | F50: yes | G50: No | H50: No | I50: 2 | J50: =IF(I50="No major surgery", 0, I50) -> 2 | K50: yes | L50: =IF(K50="?", "No", K50) -> yes
A51: Id50 | B51: 31.79 | C51: =IF(B51<18.5,"Underweight",IF(B51<24.99,"Normal Weight",IF(B51<29.99,"Overweight","Obesity"))) -> Obesity | D51: 5.51 | E51: =IF(D51<5.7,"Normal",IF(D51<6.5,"Prediabeties","Diabetes")) -> Normal | F51: yes | G51: No | H51: No | I51: 2 | J51: =IF(I51="No major surgery", 0, I51) -> 2 | K51: yes | L51: =IF(K51="?", "No", K51) -> yes
A52: Id51 | B52: 41.895 | C52: =IF(B52<18.5,"Underweight",IF(B52<24.99,"Normal Weight",IF(B52<29.99,"Overweight","Obesity"))) -> Obesity | D52: 10.87 | E52: =IF(D52<5.7,"Normal",IF(D52<6.5,"Prediabeties","Diabetes")) -> Diabetes | F52: yes | G52: No | H52: No | I52: 1 | J52: =IF(I52="No major surgery", 0, I52) -> 1 | K52: yes | L52: =IF(K52="?", "No", K52) -> yes
A53: Id52 | B53: 31.16 | C53: =IF(B53<18.5,"Underweight",IF(B53<24.99,"Normal Weight",IF(B53<29.99,"Overweight","Obesity"))) -> Obesity | D53: 9.34 | E53: =IF(D53<5.7,"Normal",IF(D53<6.5,"Prediabeties","Diabetes")) -> Diabetes | F53: No | G53: No | H53: No | I53: No major surgery | J53: =IF(I53="No major surgery", 0, I53) -> 0 | K53: yes | L53: =IF(K53="?", "No", K53) -> yes
A54: Id53 | B54: 34.105 | C54: =IF(B54<18.5,"Underweight",IF(B54<24.99,"Normal Weight",IF(B54<29.99,"Overweight","Obesity"))) -> Obesity | D54: 5.03 | E54: =IF(D54<5.7,"Normal",IF(D54<6.5,"Prediabeties","Diabetes")) -> Normal | F54: yes | G54: No | H54: Yes | I54: 1 | J54: =IF(I54="No major surgery", 0, I54) -> 1 | K54: yes | L54: =IF(K54="?", "No", K54) -> yes
A55: Id54 | B55: 51.93 | C55: =IF(B55<18.5,"Underweight",IF(B55<24.99,"Normal Weight",IF(B55<29.99,"Overweight","Obesity"))) -> Obesity | D55: 11.05 | E55: =IF(D55<5.7,"Normal",IF(D55<6.5,"Prediabeties","Diabetes")) -> Diabetes | F55: No | G55: No | H55: No | I55: No major surgery | J55: =IF(I55="No major surgery", 0, I55) -> 0 | K55: yes | L55: =IF(K55="?", "No", K55) -> yes
A56: Id55 | B56: 38.95 | C56: =IF(B56<18.5,"Underweight",IF(B56<24.99,"Normal Weight",IF(B56<29.99,"Overweight","Obesity"))) -> Obesity | D56: 11.95 | E56: =IF(D56<5.7,"Normal",IF(D56<6.5,"Prediabeties","Diabetes")) -> Diabetes | F56: No | G56: No | H56: No | I56: No major surgery | J56: =IF(I56="No major surgery", 0, I56) -> 0 | K56: yes | L56: =IF(K56="?", "No", K56) -> yes
A57: Id56 | B57: 36.63 | C57: =IF(B57<18.5,"Underweight",IF(B57<24.99,"Normal Weight",IF(B57<29.99,"Overweight","Obesity"))) -> Obesity | D57: 7.72 | E57: =IF(D57<5.7,"Normal",IF(D57<6.5,"Prediabeties","Diabetes")) -> Diabetes | F57: yes | G57: No | H57: No | I57: 1 | J57: =IF(I57="No major surgery", 0, I57) -> 1 | K57: yes | L57: =IF(K57="?", "No", K57) -> yes
A58: Id57 | B58: 34.2 | C58: =IF(B58<18.5,"Underweight",IF(B58<24.99,"Normal Weight",IF(B58<29.99,"Overweight","Obesity"))) -> Obesity | D58: 5.75 | E58: =IF(D58<5.7,"Normal",IF(D58<6.5,"Prediabeties","Diabetes")) -> Prediabeties | F58: No | G58: No | H58: No | I58: 2 | J58: =IF(I58="No major surgery", 0, I58) -> 2 | K58: yes | L58: =IF(K58="?", "No", K58) -> yes
A59: Id58 | B59: 50.63 | C59: =IF(B59<18.5,"Underweight",IF(B59<24.99,"Normal Weight",IF(B59<29.99,"Overweight","Obesity"))) -> Obesity | D59: 11.89 | E59: =IF(D59<5.7,"Normal",IF(D59<6.5,"Prediabeties","Diabetes")) -> Diabetes | F59: No | G59: No | H59: No | I59: No major surgery | J59: =IF(I59="No major surgery", 0, I59) -> 0 | K59: yes | L59: =IF(K59="?", "No", K59) -> yes
A60: Id59 | B60: 36.48 | C60: =IF(B60<18.5,"Underweight",IF(B60<24.99,"Normal Weight",IF(B60<29.99,"Overweight","Obesity"))) -> Obesity | D60: 6.2 | E60: =IF(D60<5.7,"Normal",IF(D60<6.5,"Prediabeties","Diabetes")) -> Prediabeties | F60: No | G60: No | H60: No | I60: No major surgery | J60: =IF(I60="No major surgery", 0, I60) -> 0 | K60: yes | L60: =IF(K60="?", "No", K60) -> yes
A61: Id60 | B61: 54.82 | C61: =IF(B61<18.5,"Underweight",IF(B61<24.99,"Normal Weight",IF(B61<29.99,"Overweight","Obesity"))) -> Obesity | D61: 10.61 | E61: =IF(D61<5.7,"Normal",IF(D61<6.5,"Prediabeties","Diabetes")) -> Diabetes | F61: No | G61: No | H61: No | I61: No major surgery | J61: =IF(I61="No major surgery", 0, I61) -> 0 | K61: yes | L61: =IF(K61="?", "No", K61) -> yes
A62: Id61 | B62: 38.06 | C62: =IF(B62<18.5,"Underweight",IF(B62<24.99,"Normal Weight",IF(B62<29.99,"Overweight","Obesity"))) -> Obesity | D62: 6.04 | E62: =IF(D62<5.7,"Normal",IF(D62<6.5,"Prediabeties","Diabetes")) -> Prediabeties | F62: No | G62: No | H62: Yes | I62: 1 | J62: =IF(I62="No major surgery", 0, I62) -> 1 | K62: yes | L62: =IF(K62="?", "No", K62) -> yes
A63: Id62 | B63: 51.48 | C63: =IF(B63<18.5,"Underweight",IF(B63<24.99,"Normal Weight",IF(B63<29.99,"Overweight","Obesity"))) -> Obesity | D63: 9.33 | E63: =IF(D63<5.7,"Normal",IF(D63<6.5,"Prediabeties","Diabetes")) -> Diabetes | F63: yes | G63: No | H63: No | I63: No major surgery | J63: =IF(I63="No major surgery", 0, I63) -> 0 | K63: yes | L63: =IF(K63="?", "No", K63) -> yes
A64: Id63 | B64: 52.06 | C64: =IF(B64<18.5,"Underweight",IF(B64<24.99,"Normal Weight",IF(B64<29.99,"Overweight","Obesity"))) -> Obesity | D64: 11.47 | E64: =IF(D64<5.7,"Normal",IF(D64<6.5,"Prediabeties","Diabetes")) -> Diabetes | F64: No | G64: No | H64: No | I64: No major surgery | J64: =IF(I64="No major surgery", 0, I64) -> 0 | K64: yes | L64: =IF(K64="?", "No", K64) -> yes
A65: Id64 | B65: 30.685 | C65: =IF(B65<18.5,"Underweight",IF(B65<24.99,"Normal Weight",IF(B65<29.99,"Overweight","Obesity"))) -> Obesity | D65: 7.02 | E65: =IF(D65<5.7,"Normal",IF(D65<6.5,"Prediabeties","Diabetes")) -> Diabetes | F65: yes | G65: No | H65: No | I65: No major surgery | J65: =IF(I65="No major surgery", 0, I65) -> 0 | K65: yes | L65: =IF(K65="?", "No", K65) -> yes
A66: Id65 | B66: 36.08 | C66: =IF(B66<18.5,"Underweight",IF(B66<24.99,"Normal Weight",IF(B66<29.99,"Overweight","Obesity"))) -> Obesity | D66: 8.8 | E66: =IF(D66<5.7,"Normal",IF(D66<6.5,"Prediabeties","Diabetes")) -> Diabetes | F66: yes | G66: No | H66: No | I66: 1 | J66: =IF(I66="No major surgery", 0, I66) -> 1 | K66: yes | L66: =IF(K66="?", "No", K66) -> yes
A67: Id66 | B67: 54.99 | C67: =IF(B67<18.5,"Underweight",IF(B67<24.99,"Normal Weight",IF(B67<29.99,"Overweight","Obesity"))) -> Obesity | D67: 8.68 | E67: =IF(D67<5.7,"Normal",IF(D67<6.5,"Prediabeties","Diabetes")) -> Diabetes | F67: No | G67: No | H67: No | I67: 2 | J67: =IF(I67="No major surgery", 0, I67) -> 2 | K67: yes | L67: =IF(K67="?", "No", K67) -> yes
A68: Id67 | B68: 35.97 | C68: =IF(B68<18.5,"Underweight",IF(B68<24.99,"Normal Weight",IF(B68<29.99,"Overweight","Obesity"))) -> Obesity | D68: 6.12 | E68: =IF(D68<5.7,"Normal",IF(D68<6.5,"Prediabeties","Diabetes")) -> Prediabeties | F68: No | G68: No | H68: Yes | I68: 1 | J68: =IF(I68="No major surgery", 0, I68) -> 1 | K68: yes | L68: =IF(K68="?", "No", K68) -> yes
A69: Id68 | B69: 45.54 | C69: =IF(B69<18.5,"Underweight",IF(B69<24.99,"Normal Weight",IF(B69<29.99,"Overweight","Obesity"))) -> Obesity | D69: 5.4 | E69: =IF(D69<5.7,"Normal",IF(D69<6.5,"Prediabeties","Diabetes")) -> Normal | F69: yes | G69: No | H69: Yes | I69: 1 | J69: =IF(I69="No major surgery", 0, I69) -> 1 | K69: yes | L69: =IF(K69="?", "No", K69) -> yes
A70: Id69 | B70: 35.53 | C70: =IF(B70<18.5,"Underweight",IF(B70<24.99,"Normal Weight",IF(B70<29.99,"Overweight","Obesity"))) -> Obesity | D70: 4.36 | E70: =IF(D70<5.7,"Normal",IF(D70<6.5,"Prediabeties","Diabetes")) -> Normal | F70: yes | G70: No | H70: No | I70: No major surgery | J70: =IF(I70="No major surgery", 0, I70) -> 0 | K70: yes | L70: =IF(K70="?", "No", K70) -> yes
A71: Id70 | B71: 30.8 | C71: =IF(B71<18.5,"Underweight",IF(B71<24.99,"Normal Weight",IF(B71<29.99,"Overweight","Obesity"))) -> Obesity | D71: 9.77 | E71: =IF(D71<5.7,"Normal",IF(D71<6.5,"Prediabeties","Diabetes")) -> Diabetes | F71: No | G71: No | H71: No | I71: No major surgery | J71: =IF(I71="No major surgery", 0, I71) -> 0 | K71: yes | L71: =IF(K71="?", "No", K71) -> yes
A72: Id71 | B72: 38.39 | C72: =IF(B72<18.5,"Underweight",IF(B72<24.99,"Normal Weight",IF(B72<29.99,"Overweight","Obesity"))) -> Obesity | D72: 4.25 | E72: =IF(D72<5.7,"Normal",IF(D72<6.5,"Prediabeties","Diabetes")) -> Normal | F72: No | G72: No | H72: No | I72: 1 | J72: =IF(I72="No major surgery", 0, I72) -> 1 | K72: yes | L72: =IF(K72="?", "No", K72) -> yes
A73: Id72 | B73: 32.3 | C73: =IF(B73<18.5,"Underweight",IF(B73<24.99,"Normal Weight",IF(B73<29.99,"Overweight","Obesity"))) -> Obesity | D73: 4.76 | E73: =IF(D73<5.7,"Normal",IF(D73<6.5,"Prediabeties","Diabetes")) -> Normal | F73: No | G73: No | H73: No | I73: 2 | J73: =IF(I73="No major surgery", 0, I73) -> 2 | K73: yes | L73: =IF(K73="?", "No", K73) -> yes
A74: Id73 | B74: 48.8 | C74: =IF(B74<18.5,"Underweight",IF(B74<24.99,"Normal Weight",IF(B74<29.99,"Overweight","Obesity"))) -> Obesity | D74: 6.22 | E74: =IF(D74<5.7,"Normal",IF(D74<6.5,"Prediabeties","Diabetes")) -> Prediabeties | F74: yes | G74: No | H74: No | I74: 2 | J74: =IF(I74="No major surgery", 0, I74) -> 2 | K74: yes | L74: =IF(K74="?", "No", K74) -> yes
A75: Id74 | B75: 45.5 | C75: =IF(B75<18.5,"Underweight",IF(B75<24.99,"Normal Weight",IF(B75<29.99,"Overweight","Obesity"))) -> Obesity | D75: 7.96 | E75: =IF(D75<5.7,"Normal",IF(D75<6.5,"Prediabeties","Diabetes")) -> Diabetes | F75: No | G75: No | H75: No | I75: No major surgery | J75: =IF(I75="No major surgery", 0, I75) -> 0 | K75: yes | L75: =IF(K75="?", "No", K75) -> yes
A76: Id75 | B76: 53.61 | C76: =IF(B76<18.5,"Underweight",IF(B76<24.99,"Normal Weight",IF(B76<29.99,"Overweight","Obesity"))) -> Obesity | D76: 10.92 | E76: =IF(D76<5.7,"Normal",IF(D76<6.5,"Prediabeties","Diabetes")) -> Diabetes | F76: yes | G76: No | H76: No | I76: 1 | J76: =IF(I76="No major surgery", 0, I76) -> 1 | K76: yes | L76: =IF(K76="?", "No", K76) -> yes
A77: Id76 | B77: 36.19 | C77: =IF(B77<18.5,"Underweight",IF(B77<24.99,"Normal Weight",IF(B77<29.99,"Overweight","Obesity"))) -> Obesity | D77: 11.51 | E77: =IF(D77<5.7,"Normal",IF(D77<6.5,"Prediabeties","Diabetes")) -> Diabetes | F77: yes | G77: No | H77: No | I77: 1 | J77: =IF(I77="No major surgery", 0, I77) -> 1 | K77: yes | L77: =IF(K77="?", "No", K77) -> yes
A78: Id77 | B78: 34.6 | C78: =IF(B78<18.5,"Underweight",IF(B78<24.99,"Normal Weight",IF(B78<29.99,"Overweight","Obesity"))) -> Obesity | D78: 5.99 | E78: =IF(D78<5.7,"Normal",IF(D78<6.5,"Prediabeties","Diabetes")) -> Prediabeties | F78: yes | G78: No | H78: No | I78: No major surgery | J78: =IF(I78="No major surgery", 0, I78) -> 0 | K78: yes | L78: =IF(K78="?", "No", K78) -> yes
A79: Id78 | B79: 54.12 | C79: =IF(B79<18.5,"Underweight",IF(B79<24.99,"Normal Weight",IF(B79<29.99,"Overweight","Obesity"))) -> Obesity | D79: 11.57 | E79: =IF(D79<5.7,"Normal",IF(D79<6.5,"Prediabeties","Diabetes")) -> Diabetes | F79: No | G79: No | H79: No | I79: No major surgery | J79: =IF(I79="No major surgery", 0, I79) -> 0 | K79: yes | L79: =IF(K79="?", "No", K79) -> yes
A80: Id79 | B80: 48.82 | C80: =IF(B80<18.5,"Underweight",IF(B80<24.99,"Normal Weight",IF(B80<29.99,"Overweight","Obesity"))) -> Obesity | D80: 6.67 | E80: =IF(D80<5.7,"Normal",IF(D80<6.5,"Prediabeties","Diabetes")) -> Diabetes | F80: yes | G80: No | H80: No | I80: No major surgery | J80: =IF(I80="No major surgery", 0, I80) -> 0 | K80: yes | L80: =IF(K80="?", "No", K80) -> yes
A81: Id80 | B81: 51.01 | C81: =IF(B81<18.5,"Underweight",IF(B81<24.99,"Normal Weight",IF(B81<29.99,"Overweight","Obesity"))) -> Obesity | D81: 9.2 | E81: =IF(D81<5.7,"Normal",IF(D81<6.5,"Prediabeties","Diabetes")) -> Diabetes | F81: No | G81: No | H81: No | I81: No major surgery | J81: =IF(I81="No major surgery", 0, I81) -> 0 | K81: yes | L81: =IF(K81="?", "No", K81) -> yes
A82: Id81 | B82: 45.65 | C82: =IF(B82<18.5,"Underweight",IF(B82<24.99,"Normal Weight",IF(B82<29.99,"Overweight","Obesity"))) -> Obesity | D82: 5.11 | E82: =IF(D82<5.7,"Normal",IF(D82<6.5,"Prediabeties","Diabetes")) -> Normal | F82: yes | G82: No | H82: No | I82: 1 | J82: =IF(I82="No major surgery", 0, I82) -> 1 | K82: yes | L82: =IF(K82="?", "No", K82) -> yes
A83: Id82 | B83: 52.9 | C83: =IF(B83<18.5,"Underweight",IF(B83<24.99,"Normal Weight",IF(B83<29.99,"Overweight","Obesity"))) -> Obesity | D83: 5.34 | E83: =IF(D83<5.7,"Normal",IF(D83<6.5,"Prediabeties","Diabetes")) -> Normal | F83: No | G83: No | H83: No | I83: No major surgery | J83: =IF(I83="No major surgery", 0, I83) -> 0 | K83: yes | L83: =IF(K83="?", "No", K83) -> yes
A84: Id83 | B84: 45.41 | C84: =IF(B84<18.5,"Underweight",IF(B84<24.99,"Normal Weight",IF(B84<29.99,"Overweight","Obesity"))) -> Obesity | D84: 4.03 | E84: =IF(D84<5.7,"Normal",IF(D84<6.5,"Prediabeties","Diabetes")) -> Normal | F84: yes | G84: No | H84: No | I84: 1 | J84: =IF(I84="No major surgery", 0, I84) -> 1 | K84: yes | L84: =IF(K84="?", "No", K84) -> yes
A85: Id84 | B85: 49.41 | C85: =IF(B85<18.5,"Underweight",IF(B85<24.99,"Normal Weight",IF(B85<29.99,"Overweight","Obesity"))) -> Obesity | D85: 4.23 | E85: =IF(D85<5.7,"Normal",IF(D85<6.5,"Prediabeties","Diabetes")) -> Normal | F85: yes | G85: No | H85: Yes | I85: 1 | J85: =IF(I85="No major surgery", 0, I85) -> 1 | K85: yes | L85: =IF(K85="?", "No", K85) -> yes
A86: Id85 | B86: 31.825 | C86: =IF(B86<18.5,"Underweight",IF(B86<24.99,"Normal Weight",IF(B86<29.99,"Overweight","Obesity"))) -> Obesity | D86: 4.06 | E86: =IF(D86<5.7,"Normal",IF(D86<6.5,"Prediabeties","Diabetes")) -> Normal | F86: No | G86: No | H86: No | I86: 2 | J86: =IF(I86="No major surgery", 0, I86) -> 2 | K86: yes | L86: =IF(K86="?", "No", K86) -> yes
A87: Id86 | B87: 51.28 | C87: =IF(B87<18.5,"Underweight",IF(B87<24.99,"Normal Weight",IF(B87<29.99,"Overweight","Obesity"))) -> Obesity | D87: 4.68 | E87: =IF(D87<5.7,"Normal",IF(D87<6.5,"Prediabeties","Diabetes")) -> Normal | F87: No | G87: No | H87: No | I87: 2 | J87: =IF(I87="No major surgery", 0, I87) -> 2 | K87: yes | L87: =IF(K87="?", "No", K87) -> yes
A88: Id87 | B88: 34.96 | C88: =IF(B88<18.5,"Underweight",IF(B88<24.99,"Normal Weight",IF(B88<29.99,"Overweight","Obesity"))) -> Obesity | D88: 4.34 | E88: =IF(D88<5.7,"Normal",IF(D88<6.5,"Prediabeties","Diabetes")) -> Normal | F88: No | G88: No | H88: Yes | I88: 1 | J88: =IF(I88="No major surgery", 0, I88) -> 1 | K88: yes | L88: =IF(K88="?", "No", K88) -> yes
A89: Id88 | B89: 33.11 | C89: =IF(B89<18.5,"Underweight",IF(B89<24.99,"Normal Weight",IF(B89<29.99,"Overweight","Obesity"))) -> Obesity | D89: 10.51 | E89: =IF(D89<5.7,"Normal",IF(D89<6.5,"Prediabeties","Diabetes")) -> Diabetes | F89: No | G89: No | H89: No | I89: No major surgery | J89: =IF(I89="No major surgery", 0, I89) -> 0 | K89: yes | L89: =IF(K89="?", "No", K89) -> yes
A90: Id89 | B90: 54.74 | C90: =IF(B90<18.5,"Underweight",IF(B90<24.99,"Normal Weight",IF(B90<29.99,"Overweight","Obesity"))) -> Obesity | D90: 5.84 | E90: =IF(D90<5.7,"Normal",IF(D90<6.5,"Prediabeties","Diabetes")) -> Prediabeties | F90: yes | G90: No | H90: Yes | I90: 1 | J90: =IF(I90="No major surgery", 0, I90) -> 1 | K90: yes | L90: =IF(K90="?", "No", K90) -> yes
A91: Id90 | B91: 32.56 | C91: =IF(B91<18.5,"Underweight",IF(B91<24.99,"Normal Weight",IF(B91<29.99,"Overweight","Obesity"))) -> Obesity | D91: 5.41 | E91: =IF(D91<5.7,"Normal",IF(D91<6.5,"Prediabeties","Diabetes")) -> Normal | F91: No | G91: No | H91: Yes | I91: 1 | J91: =IF(I91="No major surgery", 0, I91) -> 1 | K91: yes | L91: =IF(K91="?", "No", K91) -> yes
A92: Id91 | B92: 39.05 | C92: =IF(B92<18.5,"Underweight",IF(B92<24.99,"Normal Weight",IF(B92<29.99,"Overweight","Obesity"))) -> Obesity | D92: 6.06 | E92: =IF(D92<5.7,"Normal",IF(D92<6.5,"Prediabeties","Diabetes")) -> Prediabeties | F92: No | G92: No | H92: No | I92: 1 | J92: =IF(I92="No major surgery", 0, I92) -> 1 | K92: yes | L92: =IF(K92="?", "No", K92) -> yes
A93: Id92 | B93: 42.75 | C93: =IF(B93<18.5,"Underweight",IF(B93<24.99,"Normal Weight",IF(B93<29.99,"Overweight","Obesity"))) -> Obesity | D93: 4.22 | E93: =IF(D93<5.7,"Normal",IF(D93<6.5,"Prediabeties","Diabetes")) -> Normal | F93: No | G93: No | H93: No | I93: No major surgery | J93: =IF(I93="No major surgery", 0, I93) -> 0 | K93: yes | L93: =IF(K93="?", "No", K93) -> yes
A94: Id93 | B94: 50.58 | C94: =IF(B94<18.5,"Underweight",IF(B94<24.99,"Normal Weight",IF(B94<29.99,"Overweight","Obesity"))) -> Obesity | D94: 5.12 | E94: =IF(D94<5.7,"Normal",IF(D94<6.5,"Prediabeties","Diabetes")) -> Normal | F94: No | G94: No | H94: No | I94: 2 | J94: =IF(I94="No major surgery", 0, I94) -> 2 | K94: yes | L94: =IF(K94="?", "No", K94) -> yes
A95: Id94 | B95: 30.495 | C95: =IF(B95<18.5,"Underweight",IF(B95<24.99,"Normal Weight",IF(B95<29.99,"Overweight","Obesity"))) -> Obesity | D95: 4.57 | E95: =IF(D95<5.7,"Normal",IF(D95<6.5,"Prediabeties","Diabetes")) -> Normal | F95: yes | G95: No | H95: No | I95: No major surgery | J95: =IF(I95="No major surgery", 0, I95) -> 0 | K95: yes | L95: =IF(K95="?", "No", K95) -> yes
A96: Id95 | B96: 48.31 | C96: =IF(B96<18.5,"Underweight",IF(B96<24.99,"Normal Weight",IF(B96<29.99,"Overweight","Obesity"))) -> Obesity | D96: 9.58 | E96: =IF(D96<5.7,"Normal",IF(D96<6.5,"Prediabeties","Diabetes")) -> Diabetes | F96: yes | G96: No | H96: No | I96: 2 | J96: =IF(I96="No major surgery", 0, I96) -> 2 | K96: yes | L96: =IF(K96="?", "No", K96) -> yes
A97: Id96 | B97: 48.99 | C97: =IF(B97<18.5,"Underweight",IF(B97<24.99,"Normal Weight",IF(B97<29.99,"Overweight","Obesity"))) -> Obesity | D97: 9.78 | E97: =IF(D97<5.7,"Normal",IF(D97<6.5,"Prediabeties","Diabetes")) -> Diabetes | F97: yes | G97: No | H97: No | I97: 1 | J97: =IF(I97="No major surgery", 0, I97) -> 1 | K97: yes | L97: =IF(K97="?", "No", K97) -> yes
A98: Id97 | B98: 38.39 | C98: =IF(B98<18.5,"Underweight",IF(B98<24.99,"Normal Weight",IF(B98<29.99,"Overweight","Obesity"))) -> Obesity | D98: 4.11 | E98: =IF(D98<5.7,"Normal",IF(D98<6.5,"Prediabeties","Diabetes")) -> Normal | F98: yes | G98: No | H98: No | I98: No major surgery | J98: =IF(I98="No major surgery", 0, I98) -> 0 | K98: yes | L98: =IF(K98="?", "No", K98) -> yes
A99: Id98 | B99: 44.34 | C99: =IF(B99<18.5,"Underweight",IF(B99<24.99,"Normal Weight",IF(B99<29.99,"Overweight","Obesity"))) -> Obesity | D99: 4.02 | E99: =IF(D99<5.7,"Normal",IF(D99<6.5,"Prediabeties","Diabetes")) -> Normal | F99: yes | G99: No | H99: No | I99: 2 | J99: =IF(I99="No major surgery", 0, I99) -> 2 | K99: yes | L99: =IF(K99="?", "No", K99) -> yes
A100: Id99 | B100: 41.51 | C100: =IF(B100<18.5,"Underweight",IF(B100<24.99,"Normal Weight",IF(B100<29.99,"Overweight","Obesity"))) -> Obesity | D100: 6.92 | E100: =IF(D100<5.7,"Normal",IF(D100<6.5,"Prediabeties","Diabetes")) -> Diabetes | F100: No | G100: No | H100: No | I100: No major surgery | J100: =IF(I100="No major surgery", 0, I100) -> 0 | K100: yes | L100: =IF(K100="?", "No", K100) -> yes
...

Sheet Hospitalisation Details
A1: Customer ID | B1: year | C1: year modified | D1: month | E1: Month modified | F1: date | G1: Date of Birth | H1: Age | I1: children | J1: charges | K1: Hospital tier | L1: Hospital tier modified | M1: City tier | N1: City tier modified | O1: State ID | P1: State ID modified
A2: Id2335 | B2: 1992 | C2: =IF(B2="?", ROUND(AVERAGEIF(B:B, "<>?"), 0), B2) -> 1992 | D2: Jul | E2: =IF(D2="?", "Sep", D2) -> Jul | F2: 9 | G2: =DATE(C2, MONTH(1&E2), F2) -> 33794 | H2: =DATEDIF(G2, DATE(2023,6,8), "Y") -> 30 | I2: 0 | J2: 563.84 | K2: tier - 2 | L2: =IF(K2="?", "tier - 1", K2) -> tier - 2 | M2: tier - 3 | N2: =IF(M2="?", "tier - 2", M2) -> tier - 3 | O2: R1013 | P2: =IF(O2="?", "Unknown", O2) -> R1013 | R2: Hospital Tier - Most Frequent
A3: Id2334 | B3: 1992 | C3: =IF(B3="?", ROUND(AVERAGEIF(B:B, "<>?"), 0), B3) -> 1992 | D3: Nov | E3: =IF(D3="?", "Sep", D3) -> Nov | F3: 30 | G3: =DATE(C3, MONTH(1&E3), F3) -> 33938 | H3: =DATEDIF(G3, DATE(2023,6,8), "Y") -> 30 | I3: 0 | J3: 570.62 | K3: tier - 2 | L3: =IF(K3="?", "tier - 1", K3) -> tier - 2 | M3: tier - 1 | N3: =IF(M3="?", "tier - 2", M3) -> tier - 1 | O3: R1013 | P3: =IF(O3="?", "Unknown", O3) -> R1013 | R3: Tier 1 | S3: =COUNTIF(K:K, "tier - 2") -> 1338
A4: Id2333 | B4: 1993 | C4: =IF(B4="?", ROUND(AVERAGEIF(B:B, "<>?"), 0), B4) -> 1993 | D4: Jun | E4: =IF(D4="?", "Sep", D4) -> Jun | F4: 30 | G4: =DATE(C4, MONTH(1&E4), F4) -> 34150 | H4: =DATEDIF(G4, DATE(2023,6,8), "Y") -> 29 | I4: 0 | J4: 600 | K4: tier - 2 | L4: =IF(K4="?", "tier - 1", K4) -> tier - 2 | M4: tier - 1 | N4: =IF(M4="?", "tier - 2", M4) -> tier - 1 | O4: R1013 | P4: =IF(O4="?", "Unknown", O4) -> R1013 | R4: Tier2 | S4: =COUNTIF(K:K, "tier - 1") -> 305
A5: Id2332 | B5: 1992 | C5: =IF(B5="?", ROUND(AVERAGEIF(B:B, "<>?"), 0), B5) -> 1992 | D5: Sep | E5: =IF(D5="?", "Sep", D5) -> Sep | F5: 13 | G5: =DATE(C5, MONTH(1&E5), F5) -> 33860 | H5: =DATEDIF(G5, DATE(2023,6,8), "Y") -> 30 | I5: 0 | J5: 604.54 | K5: tier - 3 | L5: =IF(K5="?", "tier - 1", K5) -> tier - 3 | M5: tier - 3 | N5: =IF(M5="?", "tier - 2", M5) -> tier - 3 | O5: R1013 | P5: =IF(O5="?", "Unknown", O5) -> R1013 | R5: Tier 3 | S5: =COUNTIF(K:K, "tier - 3") -> 693
A6: Id2331 | B6: 1998 | C6: =IF(B6="?", ROUND(AVERAGEIF(B:B, "<>?"), 0), B6) -> 1998 | D6: Jul | E6: =IF(D6="?", "Sep", D6) -> Jul | F6: 27 | G6: =DATE(C6, MONTH(1&E6), F6) -> 36003 | H6: =DATEDIF(G6, DATE(2023,6,8), "Y") -> 24 | I6: 0 | J6: 637.26 | K6: tier - 3 | L6: =IF(K6="?", "tier - 1", K6) -> tier - 3 | M6: tier - 3 | N6: =IF(M6="?", "tier - 2", M6) -> tier - 3 | O6: R1013 | P6: =IF(O6="?", "Unknown", O6) -> R1013
A7: Id2330 | B7: 2001 | C7: =IF(B7="?", ROUND(AVERAGEIF(B:B, "<>?"), 0), B7) -> 2001 | D7: Nov | E7: =IF(D7="?", "Sep", D7) -> Nov | F7: 20 | G7: =DATE(C7, MONTH(1&E7), F7) -> 37215 | H7: =DATEDIF(G7, DATE(2023,6,8), "Y") -> 21 | I7: 0 | J7: 646.14 | K7: tier - 3 | L7: =IF(K7="?", "tier - 1", K7) -> tier - 3 | M7: tier - 3 | N7: =IF(M7="?", "tier - 2", M7) -> tier - 3 | O7: R1012 | P7: =IF(O7="?", "Unknown", O7) -> R1012 | R7: City Tier - Most frequent
A8: Id2329 | B8: 1993 | C8: =IF(B8="?", ROUND(AVERAGEIF(B:B, "<>?"), 0), B8) -> 1993 | D8: Jun | E8: =IF(D8="?", "Sep", D8) -> Jun | F8: 1 | G8: =DATE(C8, MONTH(1&E8), F8) -> 34121 | H8: =DATEDIF(G8, DATE(2023,6,8), "Y") -> 30 | I8: 0 | J8: 650 | K8: tier - 3 | L8: =IF(K8="?", "tier - 1", K8) -> tier - 3 | M8: tier - 3 | N8: =IF(M8="?", "tier - 2", M8) -> tier - 3 | O8: R1013 | P8: =IF(O8="?", "Unknown", O8) -> R1013 | R8: Tier 1 | S8: =COUNTIF(M:M, "tier - 1") -> 732
A9: Id2328 | B9: 1995 | C9: =IF(B9="?", ROUND(AVERAGEIF(B:B, "<>?"), 0), B9) -> 1995 | D9: Jul | E9: =IF(D9="?", "Sep", D9) -> Jul | F9: 4 | G9: =DATE(C9, MONTH(1&E9), F9) -> 34884 | H9: =DATEDIF(G9, DATE(2023,6,8), "Y") -> 27 | I9: 0 | J9: 650 | K9: tier - 3 | L9: =IF(K9="?", "tier - 1", K9) -> tier - 3 | M9: tier - 3 | N9: =IF(M9="?", "tier - 2", M9) -> tier - 3 | O9: R1013 | P9: =IF(O9="?", "Unknown", O9) -> R1013 | R9: Tier2 | S9: =COUNTIF(M:M, "tier - 2") -> 809
A10: Id2327 | B10: 2002 | C10: =IF(B10="?", ROUND(AVERAGEIF(B:B, "<>?"), 0), B10) -> 2002 | D10: Nov | E10: =IF(D10="?", "Sep", D10) -> Nov | F10: 29 | G10: =DATE(C10, MONTH(1&E10), F10) -> 37589 | H10: =DATEDIF(G10, DATE(2023,6,8), "Y") -> 20 | I10: 0 | J10: 668 | K10: tier - 3 | L10: =IF(K10="?", "tier - 1", K10) -> tier - 3 | M10: tier - 2 | N10: =IF(M10="?", "tier - 2", M10) -> tier - 2 | O10: R1012 | P10: =IF(O10="?", "Unknown", O10) -> R1012 | R10: Tier 3 | S10: =COUNTIF(M:M, "tier - 3") -> 795
A11: Id2326 | B11: 1997 | C11: =IF(B11="?", ROUND(AVERAGEIF(B:B, "<>?"), 0), B11) -> 1997 | D11: Nov | E11: =IF(D11="?", "Sep", D11) -> Nov | F11: 9 | G11: =DATE(C11, MONTH(1&E11), F11) -> 35743 | H11: =DATEDIF(G11, DATE(2023,6,8), "Y") -> 25 | I11: 0 | J11: 670 | K11: tier - 3 | L11: =IF(K11="?", "tier - 1", K11) -> tier - 3 | M11: tier - 3 | N11: =IF(M11="?", "tier - 2", M11) -> tier - 3 | O11: R1013 | P11: =IF(O11="?", "Unknown", O11) -> R1013
A12: Id2325 | B12: 2001 | C12: =IF(B12="?", ROUND(AVERAGEIF(B:B, "<>?"), 0), B12) -> 2001 | D12: Sep | E12: =IF(D12="?", "Sep", D12) -> Sep | F12: 12 | G12: =DATE(C12, MONTH(1&E12), F12) -> 37146 | H12: =DATEDIF(G12, DATE(2023,6,8), "Y") -> 21 | I12: 0 | J12: 687.54 | K12: tier - 3 | L12: =IF(K12="?", "tier - 1", K12) -> tier - 3 | M12: tier - 2 | N12: =IF(M12="?", "tier - 2", M12) -> tier - 2 | O12: R1013 | P12: =IF(O12="?", "Unknown", O12) -> R1013
A13: Id2324 | B13: 1999 | C13: =IF(B13="?", ROUND(AVERAGEIF(B:B, "<>?"), 0), B13) -> 1999 | D13: Dec | E13: =IF(D13="?", "Sep", D13) -> Dec | F13: 26 | G13: =DATE(C13, MONTH(1&E13), F13) -> 36520 | H13: =DATEDIF(G13, DATE(2023,6,8), "Y") -> 23 | I13: 0 | J13: 700 | K13: ? | L13: =IF(K13="?", "tier - 1", K13) -> tier - 1 | M13: tier - 3 | N13: =IF(M13="?", "tier - 2", M13) -> tier - 3 | O13: R1013 | P13: =IF(O13="?", "Unknown", O13) -> R1013
A14: Id2323 | B14: 1999 | C14: =IF(B14="?", ROUND(AVERAGEIF(B:B, "<>?"), 0), B14) -> 1999 | D14: Dec | E14: =IF(D14="?", "Sep", D14) -> Dec | F14: 14 | G14: =DATE(C14, MONTH(1&E14), F14) -> 36508 | H14: =DATEDIF(G14, DATE(2023,6,8), "Y") -> 23 | I14: 0 | J14: 722.99 | K14: tier - 3 | L14: =IF(K14="?", "tier - 1", K14) -> tier - 3 | M14: tier - 1 | N14: =IF(M14="?", "tier - 2", M14) -> tier - 1 | O14: R1013 | P14: =IF(O14="?", "Unknown", O14) -> R1013
A15: Id2322 | B15: 2002 | C15: =IF(B15="?", ROUND(AVERAGEIF(B:B, "<>?"), 0), B15) -> 2002 | D15: ? | E15: =IF(D15="?", "Sep", D15) -> Sep | F15: 19 | G15: =DATE(C15, MONTH(1&E15), F15) -> 37518 | H15: =DATEDIF(G15, DATE(2023,6,8), "Y") -> 20 | I15: 0 | J15: 750 | K15: tier - 3 | L15: =IF(K15="?", "tier - 1", K15) -> tier - 3 | M15: tier - 1 | N15: =IF(M15="?", "tier - 2", M15) -> tier - 1 | O15: R1012 | P15: =IF(O15="?", "Unknown", O15) -> R1012
A16: Id2321 | B16: 1993 | C16: =IF(B16="?", ROUND(AVERAGEIF(B:B, "<>?"), 0), B16) -> 1993 | D16: Aug | E16: =IF(D16="?", "Sep", D16) -> Aug | F16: 9 | G16: =DATE(C16, MONTH(1&E16), F16) -> 34190 | H16: =DATEDIF(G16, DATE(2023,6,8), "Y") -> 29 | I16: 0 | J16: 760 | K16: tier - 3 | L16: =IF(K16="?", "tier - 1", K16) -> tier - 3 | M16: tier - 1 | N16: =IF(M16="?", "tier - 2", M16) -> tier - 1 | O16: R1013 | P16: =IF(O16="?", "Unknown", O16) -> R1013
A17: Id2320 | B17: 1996 | C17: =IF(B17="?", ROUND(AVERAGEIF(B:B, "<>?"), 0), B17) -> 1996 | D17: Oct | E17: =IF(D17="?", "Sep", D17) -> Oct | F17: 22 | G17: =DATE(C17, MONTH(1&E17), F17) -> 35360 | H17: =DATEDIF(G17, DATE(2023,6,8), "Y") -> 26 | I17: 0 | J17: 760 | K17: tier - 3 | L17: =IF(K17="?", "tier - 1", K17) -> tier - 3 | M17: tier - 3 | N17: =IF(M17="?", "tier - 2", M17) -> tier - 3 | O17: R1013 | P17: =IF(O17="?", "Unknown", O17) -> R1013
A18: Id2319 | B18: 1993 | C18: =IF(B18="?", ROUND(AVERAGEIF(B:B, "<>?"), 0), B18) -> 1993 | D18: Jun | E18: =IF(D18="?", "Sep", D18) -> Jun | F18: 28 | G18: =DATE(C18, MONTH(1&E18), F18) -> 34148 | H18: =DATEDIF(G18, DATE(2023,6,8), "Y") -> 29 | I18: 0 | J18: 770 | K18: tier - 3 | L18: =IF(K18="?", "tier - 1", K18) -> tier - 3 | M18: tier - 3 | N18: =IF(M18="?", "tier - 2", M18) -> tier - 3 | O18: R1013 | P18: =IF(O18="?", "Unknown", O18) -> R1013
A19: Id2318 | B19: 1996 | C19: =IF(B19="?", ROUND(AVERAGEIF(B:B, "<>?"), 0), B19) -> 1996 | D19: ? | E19: =IF(D19="?", "Sep", D19) -> Sep | F19: 18 | G19: =DATE(C19, MONTH(1&E19), F19) -> 35326 | H19: =DATEDIF(G19, DATE(2023,6,8), "Y") -> 26 | I19: 0 | J19: 770.38 | K19: tier - 3 | L19: =IF(K19="?", "tier - 1", K19) -> tier - 3 | M19: ? | N19: =IF(M19="?", "tier - 2", M19) -> tier - 2 | O19: R1012 | P19: =IF(O19="?", "Unknown", O19) -> R1012
A20: Id2317 | B20: 1995 | C20: =IF(B20="?", ROUND(AVERAGEIF(B:B, "<>?"), 0), B20) -> 1995 | D20: Dec | E20: =IF(D20="?", "Sep", D20) -> Dec | F20: 7 | G20: =DATE(C20, MONTH(1&E20), F20) -> 35040 | H20: =DATEDIF(G20, DATE(2023,6,8), "Y") -> 27 | I20: 0 | J20: 773.54 | K20: tier - 3 | L20: =IF(K20="?", "tier - 1", K20) -> tier - 3 | M20: tier - 2 | N20: =IF(M20="?", "tier - 2", M20) -> tier - 2 | O20: R1013 | P20: =IF(O20="?", "Unknown", O20) -> R1013
A21: Id2316 | B21: 2004 | C21: =IF(B21="?", ROUND(AVERAGEIF(B:B, "<>?"), 0), B21) -> 2004 | D21: Oct | E21: =IF(D21="?", "Sep", D21) -> Oct | F21: 7 | G21: =DATE(C21, MONTH(1&E21), F21) -> 38267 | H21: =DATEDIF(G21, DATE(2023,6,8), "Y") -> 18 | I21: 0 | J21: 830.52 | K21: tier - 3 | L21: =IF(K21="?", "tier - 1", K21) -> tier - 3 | M21: tier - 2 | N21: =IF(M21="?", "tier - 2", M21) -> tier - 2 | O21: R1011 | P21: =IF(O21="?", "Unknown", O21) -> R1011
A22: Id2315 | B22: 2000 | C22: =IF(B22="?", ROUND(AVERAGEIF(B:B, "<>?"), 0), B22) -> 2000 | D22: Nov | E22: =IF(D22="?", "Sep", D22) -> Nov | F22: 18 | G22: =DATE(C22, MONTH(1&E22), F22) -> 36848 | H22: =DATEDIF(G22, DATE(2023,6,8), "Y") -> 22 | I22: 0 | J22: 865.41 | K22: tier - 3 | L22: =IF(K22="?", "tier - 1", K22) -> tier - 3 | M22: tier - 1 | N22: =IF(M22="?", "tier - 2", M22) -> tier - 1 | O22: R1013 | P22: =IF(O22="?", "Unknown", O22) -> R1013
... A1047: Id1290 | B1047: 1977 | C1047: =IF(B1047="?", ROUND(AVERAGEIF(B:B, "<>?"), 0), B1047) -> 1977 | D1047: Jul | E1047: =IF(D1047="?", "Sep", D1047) -> Jul | F1047: 26 | G1047: =DATE(C1047, MONTH(1&E1047), F1047) -> 28332 | H1047: =DATEDIF(G1047, DATE(2023,6,8), "Y") -> 45 | I1047: 2 | J1047: 8527.53 | K1047: tier - 2 | L1047: =IF(K1047="?", "tier - 1", K1047) -> tier - 2 | M1047: tier - 2 | N1047: =IF(M1047="?", "tier - 2", M1047) -> tier - 2 | O1047: R1013 | P1047: =IF(O1047="?", "Unknown", O1047) -> R1013
A1048: Id1289 | B1048: ? | C1048: =IF(B1048="?", ROUND(AVERAGEIF(B:B, "<>?"), 0), B1048) -> 1983 | D1048: Jul | E1048: =IF(D1048="?", "Sep", D1048) -> Jul | F1048: 24 | G1048: =DATE(C1048, MONTH(1&E1048), F1048) -> 30521 | H1048: =DATEDIF(G1048, DATE(2023,6,8), "Y") -> 39 | I1048: 0 | J1048: 8534.67 | K1048: tier - 2 | L1048: =IF(K1048="?", "tier - 1", K1048) -> tier - 2 | M1048: tier - 3 | N1048: =IF(M1048="?", "tier - 2", M1048) -> tier - 3 | O1048: R1024 | P1048: =IF(O1048="?", "Unknown", O1048) -> R1024
A1049: Id1288 | B1049: 1981 | C1049: =IF(B1049="?", ROUND(AVERAGEIF(B:B, "<>?"), 0), B1049) -> 1981 | D1049: Dec | E1049: =IF(D1049="?", "Sep", D1049) -> Dec | F1049: 27 | G1049: =DATE(C1049, MONTH(1&E1049), F1049) -> 29947 | H1049: =DATEDIF(G1049, DATE(2023,6,8), "Y") -> 41 | I1049: 3 | J1049: 8538.29 | K1049: tier - 2 | L1049: =IF(K1049="?", "tier - 1", K1049) -> tier - 2 | M1049: tier - 3 | N1049: =IF(M1049="?", "tier - 2", M1049) -> tier - 3 | O1049: R1024 | P1049: =IF(O1049="?", "Unknown", O1049) -> R1024
A1050: Id1287 | B1050: 1975 | C1050: =IF(B1050="?", ROUND(AVERAGEIF(B:B, "<>?"), 0), B1050) -> 1975 | D1050: Nov | E1050: =IF(D1050="?", "Sep", D1050) -> Nov | F1050: 6 | G1050: =DATE(C1050, MONTH(1&E1050), F1050) -> 27704 | H1050: =DATEDIF(G1050, DATE(2023,6,8), "Y") -> 47 | I1050: 1 | J1050: 8539.67 | K1050: tier - 2 | L1050: =IF(K1050="?", "tier - 1", K1050) -> tier - 2 | M1050: tier - 3 | N1050: =IF(M1050="?", "tier - 2", M1050) -> tier - 3 | O1050: R1011 | P1050: =IF(O1050="?", "Unknown", O1050) -> R1011
A1051: Id1286 | B1051: ? | C1051: =IF(B1051="?", ROUND(AVERAGEIF(B:B, "<>?"), 0), B1051) -> 1983 | D1051: Dec | E1051: =IF(D1051="?", "Sep", D1051) -> Dec | F1051: 12 | G1051: =DATE(C1051, MONTH(1&E1051), F1051) -> 30662 | H1051: =DATEDIF(G1051, DATE(2023,6,8), "Y") -> 39 | I1051: 1 | J1051: 8547.69 | K1051: tier - 2 | L1051: =IF(K1051="?", "tier - 1", K1051) -> tier - 2 | M1051: tier - 1 | N1051: =IF(M1051="?", "tier - 2", M1051) -> tier - 1 | O1051: R1013 | P1051: =IF(O1051="?", "Unknown", O1051) -> R1013
A1052: Id1285 | B1052: 1975 | C1052: =IF(B1052="?", ROUND(AVERAGEIF(B:B, "<>?"), 0), B1052) -> 1975 | D1052: Aug | E1052: =IF(D1052="?", "Sep", D1052) -> Aug | F1052: 6 | G1052: =DATE(C1052, MONTH(1&E1052), F1052) -> 27612 | H1052: =DATEDIF(G1052, DATE(2023,6,8), "Y") -> 47 | I1052: 1 | J1052: 8551.35 | K1052: tier - 2 | L1052: =IF(K1052="?", "tier - 1", K1052) -> tier - 2 | M1052: tier - 2 | N1052: =IF(M1052="?", "tier - 2", M1052) -> tier - 2 | O1052: R1011 | P1052: =IF(O1052="?", "Unknown", O1052) -> R1011
A1053: Id1284 | B1053: 1975 | C1053: =IF(B1053="?", ROUND(AVERAGEIF(B:B, "<>?"), 0), B1053) -> 1975 | D1053: Aug | E1053: =IF(D1053="?", "Sep", D1053) -> Aug | F1053: 21 | G1053: =DATE(C1053, MONTH(1&E1053), F1053) -> 27627 | H1053: =DATEDIF(G1053, DATE(2023,6,8), "Y") -> 47 | I1053: 1 | J1053: 8556.91 | K1053: tier - 2 | L1053: =IF(K1053="?", "tier - 1", K1053) -> tier - 2 | M1053: tier - 1 | N1053: =IF(M1053="?", "tier - 2", M1053) -> tier - 1 | O1053: R1011 | P1053: =IF(O1053="?", "Unknown", O1053) -> R1011
A1054: Id1283 | B1054: 1988 | C1054: =IF(B1054="?", ROUND(AVERAGEIF(B:B, "<>?"), 0), B1054) -> 1988 | D1054: Sep | E1054: =IF(D1054="?", "Sep", D1054) -> Sep | F1054: 21 | G1054: =DATE(C1054, MONTH(1&E1054), F1054) -> 32407 | H1054: =DATEDIF(G1054, DATE(2023,6,8), "Y") -> 34 | I1054: 3 | J1054: 8567.25 | K1054: tier - 2 | L1054: =IF(K1054="?", "tier - 1", K1054) -> tier - 2 | M1054: tier - 1 | N1054: =IF(M1054="?", "tier - 2", M1054) -> tier - 1 | O1054: R1012 | P1054: =IF(O1054="?", "Unknown", O1054) -> R1012
A1055: Id1282 | B1055: 1975 | C1055: =IF(B1055="?", ROUND(AVERAGEIF(B:B, "<>?"), 0), B1055) -> 1975 | D1055: Sep | E1055: =IF(D1055="?", "Sep", D1055) -> Sep | F1055: 26 | G1055: =DATE(C1055, MONTH(1&E1055), F1055) -> 27663 | H1055: =DATEDIF(G1055, DATE(2023,6,8), "Y") -> 47 | I1055: 1 | J1055: 8569.86 | K1055: tier - 2 | L1055: =IF(K1055="?", "tier - 1", K1055) -> tier - 2 | M1055: tier - 3 | N1055: =IF(M1055="?", "tier - 2", M1055) -> tier - 3 | O1055: R1013 | P1055: =IF(O1055="?", "Unknown", O1055) -> R1013
A1056: Id1281 | B1056: 1982 | C1056: =IF(B1056="?", ROUND(AVERAGEIF(B:B, "<>?"), 0), B1056) -> 1982 | D1056: Dec | E1056: =IF(D1056="?", "Sep", D1056) -> Dec | F1056: 6 | G1056: =DATE(C1056, MONTH(1&E1056), F1056) -> 30291 | H1056: =DATEDIF(G1056, DATE(2023,6,8), "Y") -> 40 | I1056: 3 | J1056: 8572.04 | K1056: tier - 2 | L1056: =IF(K1056="?", "tier - 1", K1056) -> tier - 2 | M1056: tier - 2 | N1056: =IF(M1056="?", "tier - 2", M1056) -> tier - 2 | O1056: R1021 | P1056: =IF(O1056="?", "Unknown", O1056) -> R1021
A1057: Id1280 | B1057: 1987 | C1057: =IF(B1057="?", ROUND(AVERAGEIF(B:B, "<>?"), 0), B1057) -> 1987 | D1057: Nov | E1057: =IF(D1057="?", "Sep", D1057) -> Nov | F1057: 11 | G1057: =DATE(C1057, MONTH(1&E1057), F1057) -> 32092 | H1057: =DATEDIF(G1057, DATE(2023,6,8), "Y") -> 35 | I1057: 3 | J1057: 8573.3 | K1057: tier - 2 | L1057: =IF(K1057="?", "tier - 1", K1057) -> tier - 2 | M1057: tier - 2 | N1057: =IF(M1057="?", "tier - 2", M1057) -> tier - 2 | O1057: R1021 | P1057: =IF(O1057="?", "Unknown", O1057) -> R1021
A1058: Id1279 | B1058: 1983 | C1058: =IF(B1058="?", ROUND(AVERAGEIF(B:B, "<>?"), 0), B1058) -> 1983 | D1058: Dec | E1058: =IF(D1058="?", "Sep", D1058) -> Dec | F1058: 30 | G1058: =DATE(C1058, MONTH(1&E1058), F1058) -> 30680 | H1058: =DATEDIF(G1058, DATE(2023,6,8), "Y") -> 39 | I1058: 5 | J1058: 8582.3 | K1058: tier - 2 | L1058: =IF(K1058="?", "tier - 1", K1058) -> tier - 2 | M1058: tier - 1 | N1058: =IF(M1058="?", "tier - 2", M1058) -> tier - 1 | O1058: R1013 | P1058: =IF(O1058="?", "Unknown", O1058) -> R1013
A1059: Id1278 | B1059: 1983 | C1059: =IF(B1059="?", ROUND(AVERAGEIF(B:B, "<>?"), 0), B1059) -> 1983 | D1059: Jul | E1059: =IF(D1059="?", "Sep", D1059) -> Jul | F1059: 25 | G1059: =DATE(C1059, MONTH(1&E1059), F1059) -> 30522 | H1059: =DATEDIF(G1059, DATE(2023,6,8), "Y") -> 39 | I1059: 5 | J1059: 8596.83 | K1059: tier - 2 | L1059: =IF(K1059="?", "tier - 1", K1059) -> tier - 2 | M1059: tier - 3 | N1059: =IF(M1059="?", "tier - 2", M1059) -> tier - 3 | O1059: R1013 | P1059: =IF(O1059="?", "Unknown", O1059) -> R1013
A1060: Id1277 | B1060: 1973 | C1060: =IF(B1060="?", ROUND(AVERAGEIF(B:B, "<>?"), 0), B1060) -> 1973 | D1060: Jul | E1060: =IF(D1060="?", "Sep", D1060) -> Jul | F1060: 11 | G1060: =DATE(C1060, MONTH(1&E1060), F1060) -> 26856 | H1060: =DATEDIF(G1060, DATE(2023,6,8), "Y") -> 49 | I1060: 0 | J1060: 8601.33 | K1060: tier - 2 | L1060: =IF(K1060="?", "tier - 1", K1060) -> tier - 2 | M1060: tier - 1 | N1060: =IF(M1060="?", "tier - 2", M1060) -> tier - 1 | O1060: R1013 | P1060: =IF(O1060="?", "Unknown", O1060) -> R1013
A1061: Id1276 | B1061: 1977 | C1061: =IF(B1061="?", ROUND(AVERAGEIF(B:B, "<>?"), 0), B1061) -> 1977 | D1061: Sep | E1061: =IF(D1061="?", "Sep", D1061) -> Sep | F1061: 24 | G1061: =DATE(C1061, MONTH(1&E1061), F1061) -> 28392 | H1061: =DATEDIF(G1061, DATE(2023,6,8), "Y") -> 45 | I1061: 2 | J1061: 8603.82 | K1061: tier - 2 | L1061: =IF(K1061="?", "tier - 1", K1061) -> tier - 2 | M1061: tier - 1 | N1061: =IF(M1061="?", "tier - 2", M1061) -> tier - 1 | O1061: R1019 | P1061: =IF(O1061="?", "Unknown", O1061) -> R1019
A1062: Id1275 | B1062: 1977 | C1062: =IF(B1062="?", ROUND(AVERAGEIF(B:B, "<>?"), 0), B1062) -> 1977 | D1062: Nov | E1062: =IF(D1062="?", "Sep", D1062) -> Nov | F1062: 12 | G1062: =DATE(C1062, MONTH(1&E1062), F1062) -> 28441 | H1062: =DATEDIF(G1062, DATE(2023,6,8), "Y") -> 45 | I1062: 2 | J1062: 8604.48 | K1062: tier - 3 | L1062: =IF(K1062="?", "tier - 1", K1062) -> tier - 3 | M1062: tier - 2 | N1062: =IF(M1062="?", "tier - 2", M1062) -> tier - 2 | O1062: R1016 | P1062: =IF(O1062="?", "Unknown", O1062) -> R1016
A1063: Id1274 | B1063: 1977 | C1063: =IF(B1063="?", ROUND(AVERAGEIF(B:B, "<>?"), 0), B1063) -> 1977 | D1063: Oct | E1063: =IF(D1063="?", "Sep", D1063) -> Oct | F1063: 15 | G1063: =DATE(C1063, MONTH(1&E1063), F1063) -> 28413 | H1063: =DATEDIF(G1063, DATE(2023,6,8), "Y") -> 45 | I1063: 3 | J1063: 8605.36 | K1063: tier - 2 | L1063: =IF(K1063="?", "tier - 1", K1063) -> tier - 2 | M1063: tier - 2 | N1063: =IF(M1063="?", "tier - 2", M1063) -> tier - 2 | O1063: R1013 | P1063: =IF(O1063="?", "Unknown", O1063) -> R1013
... A2338: Id1 | B2338: 1968 | C2338: =IF(B2338="?", ROUND(AVERAGEIF(B:B, "<>?"), 0), B2338) -> 1968 | D2338: Oct | E2338: =IF(D2338="?", "Sep", D2338) -> Oct | F2338: 12 | G2338: =DATE(C2338, MONTH(1&E2338), F2338) -> 25123 | H2338: =DATEDIF(G2338, DATE(2023,6,8), "Y") -> 54 | I2338: 0 | J2338: 63770.43 | K2338: tier - 1 | L2338: =IF(K2338="?", "tier - 1", K2338) -> tier - 1 | M2338: tier - 3 | N2338: =IF(M2338="?", "tier - 2", M2338) -> tier - 3 | O2338: R1013 | P2338: =IF(O2338="?", "Unknown", O2338) -> R1013

Sheet Health Care
A1: Customer ID | B1: First Name | C1: BMI | D1: HBA1C | E1: Heart Issues | F1: Any Transplants | G1: Cancer History | H1: Number of Major Surgeries | I1: Smoker | J1: Weight Status | K1: Diabetes Status | L1: Date of Birth | M1: Charges | N1: Hospital Tier | O1: City Tier | P1: State ID | Q1: Age
A2: Id1 | B2: =VLOOKUP(A2, 'Customer Names'!A:E, 4, FALSE) -> Kelly | C2: =_xlfn.XLOOKUP(A2, 'Medical Examinations'!A:A, 'Medical Examinations'!B:B, "not found") -> 47.41 | D2: =_xlfn.XLOOKUP(A2, 'Medical Examinations'!A:A, 'Medical Examinations'!D:D, "not found") -> 7.47 | E2: =_xlfn.XLOOKUP(A2, 'Medical Examinations'!A:A, 'Medical Examinations'!F:F, "not found") -> No | F2: =_xlfn.XLOOKUP(A2, 'Medical Examinations'!A:A, 'Medical Examinations'!G:G, "not found") -> No | G2: =_xlfn.XLOOKUP(A2, 'Medical Examinations'!A:A, 'Medical Examinations'!H:H, "not found") -> No | H2: =_xlfn.XLOOKUP(A2, 'Medical Examinations'!A:A, 'Medical Examinations'!J:J, "not found") -> 0 | I2: =_xlfn.XLOOKUP(A2, 'Medical Examinations'!A:A, 'Medical Examinations'!L:L, "not found") -> yes | J2: =_xlfn.XLOOKUP(A2, 'Medical Examinations'!A:A, 'Medical Examinations'!C:C, "not found") -> Obesity | K2: =_xlfn.XLOOKUP(A2, 'Medical Examinations'!A:A, 'Medical Examinations'!E:E, "not found") -> Diabetes | L2: =_xlfn.XLOOKUP(A2, 'Hospitalisation Details'!A:A, 'Hospitalisation Details'!G:G, "not found") -> 25123 | M2: =_xlfn.XLOOKUP(A2, 'Hospitalisation Details'!A:A, 'Hospitalisation Details'!J:J, "not found") -> 63770.43 | N2: =_xlfn.XLOOKUP(A2, 'Hospitalisation Details'!A:A, 'Hospitalisation Details'!L:L, "not found") -> tier - 1 | O2: =_xlfn.XLOOKUP(A2, 'Hospitalisation Details'!A:A, 'Hospitalisation Details'!N:N, "not found") -> tier - 3 | P2: =_xlfn.XLOOKUP(A2, 'Hospitalisation Details'!A:A, 'Hospitalisation Details'!P:P, "not found") -> R1013 | Q2: =_xlfn.XLOOKUP(A2, 'Hospitalisation Details'!A:A, 'Hospitalisation Details'!H:H, "not found") -> 54
A3: Id2 | B3: =VLOOKUP(A3, 'Customer Names'!A:E, 4, FALSE) -> Matthew D | C3: =_xlfn.XLOOKUP(A3, 'Medical Examinations'!A:A, 'Medical Examinations'!B:B, "not found") -> 30.36 | D3: =_xlfn.XLOOKUP(A3, 'Medical Examinations'!A:A, 'Medical Examinations'!D:D, "not found") -> 5.77 | E3: =_xlfn.XLOOKUP(A3, 'Medical Examinations'!A:A, 'Medical Examinations'!F:F, "not found") -> No | F3: =_xlfn.XLOOKUP(A3, 'Medical Examinations'!A:A, 'Medical Examinations'!G:G, "not found") -> No | G3: =_xlfn.XLOOKUP(A3, 'Medical Examinations'!A:A, 'Medical Examinations'!H:H, "not found") -> No | H3: =_xlfn.XLOOKUP(A3, 'Medical Examinations'!A:A, 'Medical Examinations'!J:J, "not found") -> 0 | I3: =_xlfn.XLOOKUP(A3, 'Medical Examinations'!A:A, 'Medical Examinations'!L:L, "not found") -> yes | J3: =_xlfn.XLOOKUP(A3, 'Medical Examinations'!A:A, 'Medical Examinations'!C:C, "not found") -> Obesity | K3: =_xlfn.XLOOKUP(A3, 'Medical Examinations'!A:A, 'Medical Examinations'!E:E, "not found") -> Prediabeties | L3: =_xlfn.XLOOKUP(A3, 'Hospitalisation Details'!A:A, 'Hospitalisation Details'!G:G, "not found") -> 28284 | M3: =_xlfn.XLOOKUP(A3, 'Hospitalisation Details'!A:A, 'Hospitalisation Details'!J:J, "not found") -> 62592.87 | N3: =_xlfn.XLOOKUP(A3, 'Hospitalisation Details'!A:A, 'Hospitalisation Details'!L:L, "not found") -> tier - 2 | O3: =_xlfn.XLOOKUP(A3, 'Hospitalisation Details'!A:A, 'Hospitalisation Details'!N:N, "not found") -> tier - 3 | P3: =_xlfn.XLOOKUP(A3, 'Hospitalisation Details'!A:A, 'Hospitalisation Details'!P:P, "not found") -> R1013 | Q3: =_xlfn.XLOOKUP(A3, 'Hospitalisation Details'!A:A, 'Hospitalisation Details'!H:H, "not found") -> 46
A4: Id3 | B4: =VLOOKUP(A4, 'Customer Names'!A:E, 4, FALSE) -> Phil | C4: =_xlfn.XLOOKUP(A4, 'Medical Examinations'!A:A, 'Medical Examinations'!B:B, "not found") -> 34.485 | D4: =_xlfn.XLOOKUP(A4, 'Medical Examinations'!A:A, 'Medical Examinations'!D:D, "not found") -> 11.87 | E4: =_xlfn.XLOOKUP(A4, 'Medical Examinations'!A:A, 'Medical Examinations'!F:F, "not found") -> yes | F4: =_xlfn.XLOOKUP(A4, 'Medical Examinations'!A:A, 'Medical Examinations'!G:G, "not found") -> No | G4: =_xlfn.XLOOKUP(A4, 'Medical Examinations'!A:A, 'Medical Examinations'!H:H, "not found") -> No | H4: =_xlfn.XLOOKUP(A4, 'Medical Examinations'!A:A, 'Medical Examinations'!J:J, "not found") -> 2 | I4: =_xlfn.XLOOKUP(A4, 'Medical Examinations'!A:A, 'Medical Examinations'!L:L, "not found") -> yes | J4: =_xlfn.XLOOKUP(A4, 'Medical Examinations'!A:A, 'Medical Examinations'!C:C, "not found") -> Obesity | K4: =_xlfn.XLOOKUP(A4, 'Medical Examinations'!A:A, 'Medical Examinations'!E:E, "not found") -> Diabetes | L4: =_xlfn.XLOOKUP(A4, 'Hospitalisation Details'!A:A, 'Hospitalisation Details'!G:G, "not found") -> 25822 | M4: =_xlfn.XLOOKUP(A4, 'Hospitalisation Details'!A:A, 'Hospitalisation Details'!J:J, "not found") -> 60021.4 | N4: =_xlfn.XLOOKUP(A4, 'Hospitalisation Details'!A:A, 'Hospitalisation Details'!L:L, "not found") -> tier - 1 | O4: =_xlfn.XLOOKUP(A4, 'Hospitalisation Details'!A:A, 'Hospitalisation Details'!N:N, "not found") -> tier - 1 | P4: =_xlfn.XLOOKUP(A4, 'Hospitalisation Details'!A:A, 'Hospitalisation Details'!P:P, "not found") -> R1012 | Q4: =_xlfn.XLOOKUP(A4, 'Hospitalisation Details'!A:A, 'Hospitalisation Details'!H:H, "not found") -> 52
A5: Id4 | B5: =VLOOKUP(A5, 'Customer Names'!A:E, 4, FALSE) -> Kelsey | C5: =_xlfn.XLOOKUP(A5, 'Medical Examinations'!A:A, 'Medical Examinations'!B:B, "not found") -> 38.095 | D5: =_xlfn.XLOOKUP(A5, 'Medical Examinations'!A:A, 'Medical Examinations'!D:D, "not found") -> 6.05 | E5: =_xlfn.XLOOKUP(A5, 'Medical Examinations'!A:A, 'Medical Examinations'!F:F, "not found") -> No | F5: =_xlfn.XLOOKUP(A5, 'Medical Examinations'!A:A, 'Medical Examinations'!G:G, "not found") -> No | G5: =_xlfn.XLOOKUP(A5, 'Medical Examinations'!A:A, 'Medical Examinations'!H:H, "not found") -> No | H5: =_xlfn.XLOOKUP(A5, 'Medical Examinations'!A:A, 'Medical Examinations'!J:J, "not found") -> 0 | I5: =_xlfn.XLOOKUP(A5, 'Medical Examinations'!A:A, 'Medical Examinations'!L:L, "not found") -> yes | J5: =_xlfn.XLOOKUP(A5, 'Medical Examinations'!A:A, 'Medical Examinations'!C:C, "not found") -> Obesity | K5: =_xlfn.XLOOKUP(A5, 'Medical Examinations'!A:A, 'Medical Examinations'!E:E, "not found") -> Prediabeties | L5: =_xlfn.XLOOKUP(A5, 'Hospitalisation Details'!A:A, 'Hospitalisation Details'!G:G, "not found") -> 33395 | M5: =_xlfn.XLOOKUP(A5, 'Hospitalisation Details'!A:A, 'Hospitalisation Details'!J:J, "not found") -> 58571.07 | N5: =_xlfn.XLOOKUP(A5, 'Hospitalisation Details'!A:A, 'Hospitalisation Details'!L:L, "not found") -> tier - 1 | O5: =_xlfn.XLOOKUP(A5, 'Hospitalisation Details'!A:A, 'Hospitalisation Details'!N:N, "not found") -> tier - 3 | P5: =_xlfn.XLOOKUP(A5, 'Hospitalisation Details'!A:A, 'Hospitalisation Details'!P:P, "not found") -> R1024 | Q5: =_xlfn.XLOOKUP(A5, 'Hospitalisation Details'!A:A, 'Hospitalisation Details'!H:H, "not found") -> 32
A6: Id5 | B6: =VLOOKUP(A6, 'Customer Names'!A:E, 4, FALSE) -> Kristyn | C6: =_xlfn.XLOOKUP(A6, 'Medical Examinations'!A:A, 'Medical Examinations'!B:B, "not found") -> 35.53 | D6: =_xlfn.XLOOKUP(A6, 'Medical Examinations'!A:A, 'Medical Examinations'!D:D, "not found") -> 5.45 | E6: =_xlfn.XLOOKUP(A6, 'Medical Examinations'!A:A, 'Medical Examinations'!F:F, "not found") -> No | F6: =_xlfn.XLOOKUP(A6, 'Medical Examinations'!A:A, 'Medical Examinations'!G:G, "not found") -> No | G6: =_xlfn.XLOOKUP(A6, 'Medical Examinations'!A:A, 'Medical Examinations'!H:H, "not found") -> No | H6: =_xlfn.XLOOKUP(A6, 'Medical Examinations'!A:A, 'Medical Examinations'!J:J, "not found") -> 0 | I6: =_xlfn.XLOOKUP(A6, 'Medical Examinations'!A:A, 'Medical Examinations'!L:L, "not found") -> yes | J6: =_xlfn.XLOOKUP(A6, 'Medical Examinations'!A:A, 'Medical Examinations'!C:C, "not found") -> Obesity | K6: =_xlfn.XLOOKUP(A6, 'Medical Examinations'!A:A, 'Medical Examinations'!E:E, "not found") -> Normal | L6: =_xlfn.XLOOKUP(A6, 'Hospitalisation Details'!A:A, 'Hospitalisation Details'!G:G, "not found") -> 32678 | M6: =_xlfn.XLOOKUP(A6, 'Hospitalisation Details'!A:A, 'Hospitalisation Details'!J:J, "not found") -> 55135.4 | N6: =_xlfn.XLOOKUP(A6, 'Hospitalisation Details'!A:A, 'Hospitalisation Details'!L:L, "not found") -> tier - 1 | O6: =_xlfn.XLOOKUP(A6, 'Hospitalisation Details'!A:A, 'Hospitalisation Details'!N:N, "not found") -> tier - 2 | P6: =_xlfn.XLOOKUP(A6, 'Hospitalisation Details'!A:A, 'Hospitalisation Details'!P:P, "not found") -> R1012 | Q6: =_xlfn.XLOOKUP(A6, 'Hospitalisation Details'!A:A, 'Hospitalisation Details'!H:H, "not found") -> 33
A7: Id6 | B7: =VLOOKUP(A7, 'Customer Names'!A:E, 4, FALSE) -> Russell B. | C7: =_xlfn.XLOOKUP(A7, 'Medical Examinations'!A:A, 'Medical Examinations'!B:B, "not found") -> 32.8 | D7: =_xlfn.XLOOKUP(A7, 'Medical Examinations'!A:A, 'Medical Examinations'!D:D, "not found") -> 6.59 | E7: =_xlfn.XLOOKUP(A7, 'Medical Examinations'!A:A, 'Medical Examinations'!F:F, "not found") -> No | F7: =_xlfn.XLOOKUP(A7, 'Medical Examinations'!A:A, 'Medical Examinations'!G:G, "not found") -> No | G7: =_xlfn.XLOOKUP(A7, 'Medical Examinations'!A:A, 'Medical Examinations'!H:H, "not found") -> No | H7: =_xlfn.XLOOKUP(A7, 'Medical Examinations'!A:A, 'Medical Examinations'!J:J, "not found") -> 0 | I7: =_xlfn.XLOOKUP(A7, 'Medical Examinations'!A:A, 'Medical Examinations'!L:L, "not found") -> yes | J7: =_xlfn.XLOOKUP(A7, 'Medical Examinations'!A:A, 'Medical Examinations'!C:C, "not found") -> Obesity | K7: =_xlfn.XLOOKUP(A7, 'Medical Examinations'!A:A, 'Medical Examinations'!E:E, "not found") -> Diabetes | L7: =_xlfn.XLOOKUP(A7, 'Hospitalisation Details'!A:A, 'Hospitalisation Details'!G:G, "not found") -> 22862 | M7: =_xlfn.XLOOKUP(A7, 'Hospitalisation Details'!A:A, 'Hospitalisation Details'!J:J, "not found") -> 52590.83 | N7: =_xlfn.XLOOKUP(A7, 'Hospitalisation Details'!A:A, 'Hospitalisation Details'!L:L, "not found") -> tier - 1 | O7: =_xlfn.XLOOKUP(A7, 'Hospitalisation Details'!A:A, 'Hospitalisation Details'!N:N, "not found") -> tier - 3 | P7: =_xlfn.XLOOKUP(A7, 'Hospitalisation Details'!A:A, 'Hospitalisation Details'!P:P, "not found") -> R1011 | Q7: =_xlfn.XLOOKUP(A7, 'Hospitalisation Details'!A:A, 'Hospitalisation Details'!H:H, "not found") -> 60
A8: Id7 | B8: =VLOOKUP(A8, 'Customer Names'!A:E, 4, FALSE) -> Scott | C8: =_xlfn.XLOOKUP(A8, 'Medical Examinations'!A:A, 'Medical Examinations'!B:B, "not found") -> 36.4 | D8: =_xlfn.XLOOKUP(A8, 'Medical Examinations'!A:A, 'Medical Examinations'!D:D, "not found") -> 6.07 | E8: =_xlfn.XLOOKUP(A8, 'Medical Examinations'!A:A, 'Medical Examinations'!F:F, "not found") -> No | F8: =_xlfn.XLOOKUP(A8, 'Medical Examinations'!A:A, 'Medical Examinations'!G:G, "not found") -> No | G8: =_xlfn.XLOOKUP(A8, 'Medical Examinations'!A:A, 'Medical Examinations'!H:H, "not found") -> No | H8: =_xlfn.XLOOKUP(A8, 'Medical Examinations'!A:A, 'Medical Examinations'!J:J, "not found") -> 0 | I8: =_xlfn.XLOOKUP(A8, 'Medical Examinations'!A:A, 'Medical Examinations'!L:L, "not found") -> yes | J8: =_xlfn.XLOOKUP(A8, 'Medical Examinations'!A:A, 'Medical Examinations'!C:C, "not found") -> Obesity | K8: =_xlfn.XLOOKUP(A8, 'Medical Examinations'!A:A, 'Medical Examinations'!E:E, "not found") -> Prediabeties | L8: =_xlfn.XLOOKUP(A8, 'Hospitalisation Details'!A:A, 'Hospitalisation Details'!G:G, "not found") -> 34634 | M8: =_xlfn.XLOOKUP(A8, 'Hospitalisation Details'!A:A, 'Hospitalisation Details'!J:J, "not found") -> 51194.56 | N8: =_xlfn.XLOOKUP(A8, 'Hospitalisation Details'!A:A, 'Hospitalisation Details'!L:L, "not found") -> tier - 1 | O8: =_xlfn.XLOOKUP(A8, 'Hospitalisation Details'!A:A, 'Hospitalisation Details'!N:N, "not found") -> tier - 3 | P8: =_xlfn.XLOOKUP(A8, 'Hospitalisation Details'!A:A, 'Hospitalisation Details'!P:P, "not found") -> R1011 | Q8: =_xlfn.XLOOKUP(A8, 'Hospitalisation Details'!A:A, 'Hospitalisation Details'!H:H, "not found") -> 28
A9: Id8 | B9: =VLOOKUP(A9, 'Customer Names'!A:E, 4, FALSE) -> Stephen | C9: =_xlfn.XLOOKUP(A9, 'Medical Examinations'!A:A, 'Medical Examinations'!B:B, "not found") -> 36.96 | D9: =_xlfn.XLOOKUP(A9, 'Medical Examinations'!A:A, 'Medical Examinations'!D:D, "not found") -> 7.93 | E9: =_xlfn.XLOOKUP(A9, 'Medical Examinations'!A:A, 'Medical Examinations'!F:F, "not found") -> No | F9: =_xlfn.XLOOKUP(A9, 'Medical Examinations'!A:A, 'Medical Examinations'!G:G, "not found") -> No | G9: =_xlfn.XLOOKUP(A9, 'Medical Examinations'!A:A, 'Medical Examinations'!H:H, "not found") -> No | H9: =_xlfn.XLOOKUP(A9, 'Medical Examinations'!A:A, 'Medical Examinations'!J:J, "not found") -> 3 | I9: =_xlfn.XLOOKUP(A9, 'Medical Examinations'!A:A, 'Medical Examinations'!L:L, "not found") -> yes | J9: =_xlfn.XLOOKUP(A9, 'Medical Examinations'!A:A, 'Medical Examinations'!C:C, "not found") -> Obesity | K9: =_xlfn.XLOOKUP(A9, 'Medical Examinations'!A:A, 'Medical Examinations'!E:E, "not found") -> Diabetes | L9: =_xlfn.XLOOKUP(A9, 'Hospitalisation Details'!A:A, 'Hospitalisation Details'!G:G, "not found") -> 21363 | M9: =_xlfn.XLOOKUP(A9, 'Hospitalisation Details'!A:A, 'Hospitalisation Details'!J:J, "not found") -> 49577.66 | N9: =_xlfn.XLOOKUP(A9, 'Hospitalisation Details'!A:A, 'Hospitalisation Details'!L:L, "not found") -> tier - 2 | O9: =_xlfn.XLOOKUP(A9, 'Hospitalisation Details'!A:A, 'Hospitalisation Details'!N:N, "not found") -> tier - 2 | P9: =_xlfn.XLOOKUP(A9, 'Hospitalisation Details'!A:A, 'Hospitalisation Details'!P:P, "not found") -> R1013 | Q9: =_xlfn.XLOOKUP(A9, 'Hospitalisation Details'!A:A, 'Hospitalisation Details'!H:H, "not found") -> 64
A10: Id9 | B10: =VLOOKUP(A10, 'Customer Names'!A:E, 4, FALSE) -> Patrick R. | C10: =_xlfn.XLOOKUP(A10, 'Medical Examinations'!A:A, 'Medical Examinations'!B:B, "not found") -> 41.14 | D10: =_xlfn.XLOOKUP(A10, 'Medical Examinations'!A:A, 'Medical Examinations'!D:D, "not found") -> 9.58 | E10: =_xlfn.XLOOKUP(A10, 'Medical Examinations'!A:A, 'Medical Examinations'!F:F, "not found") -> yes | F10: =_xlfn.XLOOKUP(A10, 'Medical Examinations'!A:A, 'Medical Examinations'!G:G, "not found") -> No | G10: =_xlfn.XLOOKUP(A10, 'Medical Examinations'!A:A, 'Medical Examinations'!H:H, "not found") -> Yes | H10: =_xlfn.XLOOKUP(A10, 'Medical Examinations'!A:A, 'Medical Examinations'!J:J, "not found") -> 1 | I10: =_xlfn.XLOOKUP(A10, 'Medical Examinations'!A:A, 'Medical Examinations'!L:L, "not found") -> yes | J10: =_xlfn.XLOOKUP(A10, 'Medical Examinations'!A:A, 'Medical Examinations'!C:C, "not found") -> Obesity | K10: =_xlfn.XLOOKUP(A10, 'Medical Examinations'!A:A, 'Medical Examinations'!E:E, "not found") -> Diabetes | L10: =_xlfn.XLOOKUP(A10, 'Hospitalisation Details'!A:A, 'Hospitalisation Details'!G:G, "not found") -> 23258 | M10: =_xlfn.XLOOKUP(A10, 'Hospitalisation Details'!A:A, 'Hospitalisation Details'!J:J, "not found") -> 48970.25 | N10: =_xlfn.XLOOKUP(A10, 'Hospitalisation Details'!A:A, 'Hospitalisation Details'!L:L, "not found") -> tier - 1 | O10: =_xlfn.XLOOKUP(A10, 'Hospitalisation Details'!A:A, 'Hospitalisation Details'!N:N, "not found") -> tier - 2 | P10: =_xlfn.XLOOKUP(A10, 'Hospitalisation Details'!A:A, 'Hospitalisation Details'!P:P, "not found") -> R1013 | Q10: =_xlfn.XLOOKUP(A10, 'Hospitalisation Details'!A:A, 'Hospitalisation Details'!H:H, "not found") -> 59
A11: Id10 | B11: =VLOOKUP(A11, 'Customer Names'!A:E, 4, FALSE) -> Brooke N. | C11: =_xlfn.XLOOKUP(A11, 'Medical Examinations'!A:A, 'Medical Examinations'!B:B, "not found") -> 38.06 | D11: =_xlfn.XLOOKUP(A11, 'Medical Examinations'!A:A, 'Medical Examinations'!D:D, "not found") -> 10.79 | E11: =_xlfn.XLOOKUP(A11, 'Medical Examinations'!A:A, 'Medical Examinations'!F:F, "not found") -> No | F11: =_xlfn.XLOOKUP(A11, 'Medical Examinations'!A:A, 'Medical Examinations'!G:G, "not found") -> No | G11: =_xlfn.XLOOKUP(A11, 'Medical Examinations'!A:A, 'Medical Examinations'!H:H, "not found") -> No | H11: =_xlfn.XLOOKUP(A11, 'Medical Examinations'!A:A, 'Medical Examinations'!J:J, "not found") -> 0 | I11: =_xlfn.XLOOKUP(A11, 'Medical Examinations'!A:A, 'Medical Examinations'!L:L, "not found") -> yes | J11: =_xlfn.XLOOKUP(A11, 'Medical Examinations'!A:A, 'Medical Examinations'!C:C, "not found") -> Obesity | K11: =_xlfn.XLOOKUP(A11, 'Medical Examinations'!A:A, 'Medical Examinations'!E:E, "not found") -> Diabetes | L11: =_xlfn.XLOOKUP(A11, 'Hospitalisation Details'!A:A, 'Hospitalisation Details'!G:G, "not found") -> 28853 | M11: =_xlfn.XLOOKUP(A11, 'Hospitalisation Details'!A:A, 'Hospitalisation Details'!J:J, "not found") -> 48885.14 | N11: =_xlfn.XLOOKUP(A11, 'Hospitalisation Details'!A:A, 'Hospitalisation Details'!L:L, "not found") -> tier - 1 | O11: =_xlfn.XLOOKUP(A11, 'Hospitalisation Details'!A:A, 'Hospitalisation Details'!N:N, "not found") -> tier - 2 | P11: =_xlfn.XLOOKUP(A11, 'Hospitalisation Details'!A:A, 'Hospitalisation Details'!P:P, "not found") -> R1013 | Q11: =_xlfn.XLOOKUP(A11, 'Hospitalisation Details'!A:A, 'Hospitalisation Details'!H:H, "not found") -> 44
A12: Id11 | B12: =VLOOKUP(A12, 'Customer Names'!A:E, 4, FALSE) -> Paola Andrea | C12: =_xlfn.XLOOKUP(A12, 'Medical Examinations'!A:A, 'Medical Examinations'!B:B, "not found") -> 37.7 | D12: =_xlfn.XLOOKUP(A12, 'Medical Examinations'!A:A, 'Medical Examinations'!D:D, "not found") -> 5.96 | E12: =_xlfn.XLOOKUP(A12, 'Medical Examinations'!A:A, 'Medical Examinations'!F:F, "not found") -> yes | F12: =_xlfn.XLOOKUP(A12, 'Medical Examinations'!A:A, 'Medical Examinations'!G:G, "not found") -> No | G12: =_xlfn.XLOOKUP(A12, 'Medical Examinations'!A:A, 'Medical Examinations'!H:H, "not found") -> No | H12: =_xlfn.XLOOKUP(A12, 'Medical Examinations'!A:A, 'Medical Examinations'!J:J, "not found") -> 2 | I12: =_xlfn.XLOOKUP(A12, 'Medical Examinations'!A:A, 'Medical Examinations'!L:L, "not found") -> yes | J12: =_xlfn.XLOOKUP(A12, 'Medical Examinations'!A:A, 'Medical Examinations'!C:C, "not found") -> Obesity | K12: =_xlfn.XLOOKUP(A12, 'Medical Examinations'!A:A, 'Medical Examinations'!E:E, "not found") -> Prediabeties | L12: =_xlfn.XLOOKUP(A12, 'Hospitalisation Details'!A:A, 'Hospitalisation Details'!G:G, "not found") -> 21753 | M12: =_xlfn.XLOOKUP(A12, 'Hospitalisation Details'!A:A, 'Hospitalisation Details'!J:J, "not found") -> 48824.45 | N12: =_xlfn.XLOOKUP(A12, 'Hospitalisation Details'!A:A, 'Hospitalisation Details'!L:L, "not found") -> tier - 2 | O12: =_xlfn.XLOOKUP(A12, 'Hospitalisation Details'!A:A, 'Hospitalisation Details'!N:N, "not found") -> tier - 1 | P12: =_xlfn.XLOOKUP(A12, 'Hospitalisation Details'!A:A, 'Hospitalisation Details'!P:P, "not found") -> R1011 | Q12: =_xlfn.XLOOKUP(A12, 'Hospitalisation Details'!A:A, 'Hospitalisation Details'!H:H, "not found") -> 63
A13: Id12 | B13: =VLOOKUP(A13, 'Customer Names'!A:E, 4, FALSE) -> David | C13: =_xlfn.XLOOKUP(A13, 'Medical Examinations'!A:A, 'Medical Examinations'!B:B, "not found") -> 42.13 | D13: =_xlfn.XLOOKUP(A13, 'Medical Examinations'!A:A, 'Medical Examinations'!D:D, "not found") -> 11.9 | E13: =_xlfn.XLOOKUP(A13, 'Medical Examinations'!A:A, 'Medical Examinations'!F:F, "not found") -> No | F13: =_xlfn.XLOOKUP(A13, 'Medical Examinations'!A:A, 'Medical Examinations'!G:G, "not found") -> No | G13: =_xlfn.XLOOKUP(A13, 'Medical Examinations'!A:A, 'Medical Examinations'!H:H, "not found") -> No | H13: =_xlfn.XLOOKUP(A13, 'Medical Examinations'!A:A, 'Medical Examinations'!J:J, "not found") -> 0 | I13: =_xlfn.XLOOKUP(A13, 'Medical Examinations'!A:A, 'Medical Examinations'!L:L, "not found") -> yes | J13: =_xlfn.XLOOKUP(A13, 'Medical Examinations'!A:A, 'Medical Examinations'!C:C, "not found") -> Obesity | K13: =_xlfn.XLOOKUP(A13, 'Medical Examinations'!A:A, 'Medical Examinations'!E:E, "not found") -> Diabetes | L13: =_xlfn.XLOOKUP(A13, 'Hospitalisation Details'!A:A, 'Hospitalisation Details'!G:G, "not found") -> 24042 | M13: =_xlfn.XLOOKUP(A13, 'Hospitalisation Details'!A:A, 'Hospitalisation Details'!J:J, "not found") -> 48675.52 | N13: =_xlfn.XLOOKUP(A13, 'Hospitalisation Details'!A:A, 'Hospitalisation Details'!L:L, "not found") -> tier - 1 | O13: =_xlfn.XLOOKUP(A13, 'Hospitalisation Details'!A:A, 'Hospitalisation Details'!N:N, "not found") -> tier - 2 | P13: =_xlfn.XLOOKUP(A13, 'Hospitalisation Details'!A:A, 'Hospitalisation Details'!P:P, "not found") -> R1013 | Q13: =_xlfn.XLOOKUP(A13, 'Hospitalisation Details'!A:A, 'Hospitalisation Details'!H:H, "not found") -> 57
... A2336: Id2335 | B2336: =VLOOKUP(A2336, 'Customer Names'!A:E, 4, FALSE) -> Aaron K | C2336: =_xlfn.XLOOKUP(A2336, 'Medical Examinations'!A:A, 'Medical Examinations'!B:B, "not found") -> 17.58 | D2336: =_xlfn.XLOOKUP(A2336, 'Medical Examinations'!A:A, 'Medical Examinations'!D:D, "not found") -> 4.51 | E2336: =_xlfn.XLOOKUP(A2336, 'Medical Examinations'!A:A, 'Medical Examinations'!F:F, "not found") -> No | F2336: =_xlfn.XLOOKUP(A2336, 'Medical Examinations'!A:A, 'Medical Examinations'!G:G, "not found") -> No | G2336: =_xlfn.XLOOKUP(A2336, 'Medical Examinations'!A:A, 'Medical Examinations'!H:H, "not found") -> No | H2336: =_xlfn.XLOOKUP(A2336, 'Medical Examinations'!A:A, 'Medical Examinations'!J:J, "not found") -> 1 | I2336: =_xlfn.XLOOKUP(A2336, 'Medical Examinations'!A:A, 'Medical Examinations'!L:L, "not found") -> No | J2336: =_xlfn.XLOOKUP(A2336, 'Medical Examinations'!A:A, 'Medical Examinations'!C:C, "not found") -> Underweight | K2336: =_xlfn.XLOOKUP(A2336, 'Medical Examinations'!A:A, 'Medical Examinations'!E:E, "not found") -> Normal | L2336: =_xlfn.XLOOKUP(A2336, 'Hospitalisation Details'!A:A, 'Hospitalisation Details'!G:G, "not found") -> 33794 | M2336: =_xlfn.XLOOKUP(A2336, 'Hospitalisation Details'!A:A, 'Hospitalisation Details'!J:J, "not found") -> 563.84 | N2336: =_xlfn.XLOOKUP(A2336, 'Hospitalisation Details'!A:A, 'Hospitalisation Details'!L:L, "not found") -> tier - 2 | O2336: =_xlfn.XLOOKUP(A2336, 'Hospitalisation Details'!A:A, 'Hospitalisation Details'!N:N, "not found") -> tier - 3 | P2336: =_xlfn.XLOOKUP(A2336, 'Hospitalisation Details'!A:A, 'Hospitalisation Details'!P:P, "not found") -> R1013 | Q2336: =_xlfn.XLOOKUP(A2336, 'Hospitalisation Details'!A:A, 'Hospitalisation Details'!H:H, "not found") -> 30

Sheet Pivot Tables
A1: Smoker | B1: yes
A3: Cancer History | B3: Total
A4: No | B4: 404
A5: Yes | B5: 84
A6: Grand Total | B6: 488
A9: Smoker | B9: No
A11: Cancer History | B11: Total
A12: No | B12: 1540
A13: Yes | B13: 307
A14: Grand Total | B14: 1847
A20: Transplant History | B20: Total Major Surgeries
A21: No | B21: 1417
A22: yes | B22: 162
A23: Grand Total | B23: 1579
A25: Transplant History | B25: Average of HBA1C
A26: No | B26: 6.6704427
A27: yes | B27: 5.1876389
A28: Grand Total | B28: 6.5789979
A34: Average of Charges | B34: Column Labels
A35: Weight Status | B35: Diabetes | C35: Normal | D35: Prediabeties | E35: Grand Total
A36: Normal Weight | B36: 12447.613 | C36: 7938.5057 | D36: 10492.131 | E36: 9851.9225
A37: Obesity | B37: 19326.759 | C37: 15188.437 | D37: 15353.902 | E37: 16656.41
A38: Overweight | B38: 14293.261 | C38: 10327.157 | D38: 9737.9402 | E38: 11437.31
A39: Underweight | B39: 7442.9649 | C39: 6911.0056 | D39: 5647.7483 | E39: 6899.3175
A40: Grand Total | B40: 16120.287 | C40: 12090.723 | D40: 12532.263 | E40: 13529.918
A51: Average of Charges | B51: Column Labels
A52: State ID | B52: tier - 1 | C52: tier - 2 | D52: tier - 3 | E52: Grand Total
A53: R1011 | B53: 33081.374 | C53: 18997.281 | D53: 9250.3618 | E53: 19466.246
A54: R1012 | B54: 26111.458 | C54: 10334.279 | D54: 10179.942 | E54: 12016.474
A55: R1013 | B55: 30877.689 | C55: 8459.9777 | D55: 6890.7568 | E55: 10514.94
A56: R1014 | B56: 13891.86 | C56: 2395.17 | D56: 16950.485 | E56: 13478.057
A57: R1015 | B57: 21523.52 | C57: 15675.543 | D57: 7570.755 | E57: 13948.61
A58: R1016 | B58: 39868.616 | C58: 16075.963 | D58: 8133.0084 | E58: 13589.263
A59: R1017 | B59: 34070.596 | C59: 11365.622 | D59: 8667.3662 | E59: 14806.108
A60: R1018 | B60: 33475.82 | C60: 10139.553 | D60: 12570.97 | E60: 13272.787
A61: R1019 | B61: 27621.61 | C61: 8116.72 | D61: 12706.976 | E61: 13633.143
A62: R1020 | C62: 6760.5433 | D62: 11716.453 | E62: 9238.4983
A63: R1021 | C63: 7668.1787 | D63: 11518.786 | E63: 8933.3781
A64: R1022 | C64: 10102.027 | D64: 11637.812 | E64: 10650.521
A65: R1023 | B65: 18261.757 | C65: 13457.095 | D65: 12785.637 | E65: 13786.149
A66: R1024 | B66: 32732.187 | C66: 10174.346 | D66: 13360.979 | E66: 12865.149
A67: R1025 | C67: 6886.0368 | D67: 10510.314 | E67: 8788.7823
A68: R1026 | B68: 18709.798 | C68: 11919.608 | D68: 12296.78 | E68: 12489.921
A69: Unknown | B69: 20996.53 | E69: 20996.53
A70: Grand Total | B70: 30032.709 | C70: 11873.62 | D70: 9462.2693 | E70: 13529.918
B75: Age | C75: Average of BMI | D75: Average of Charges
B76: 18-27 | C76: 30.220757 | D76: 8622.6848
B77: 28-37 | C77: 31.278782 | D77: 12159.759
B78: 38-47 | C78: 30.721397 | D78: 14848.525
B79: 48-57 | C79: 31.264466 | D79: 16480.545
B80: 58-67 | C80: 32.056404 | D80: 19232.183
B81: Grand Total | C81: 30.972649 | D81: 13529.918

Sheet Health Care Analysis Dashboard

Sheet Dashboard Screenshot
